customer_id,company_name,first_name,last_name,email,phone,address,city,state,zip_code,customer_type,credit_limit,payment_terms,created_date
CUST-00001,,Hannah,Marquez,pcarney@example.com,587.213.3150x983,031 Michele Cliffs,West Elizabeth,MO,28581,B2C,1000.0,Due on Receipt,2024-08-08
CUST-00002,,David,Walls,esanchez@example.com,311.265.6670,513 James Mission Apt. 624,Wrightland,NY,58583,B2C,1000.0,Due on Receipt,2025-03-05
CUST-00003,"Garcia, Pearson and Fernandez",Alexis,Davis,gabrieltucker@example.org,(502)660-6474x6872,98050 Breanna Parkway,North Susan,NY,11001,B2B,35367.64,Net 60,2025-04-08
CUST-00004,,Jacob,Larson,richarddavid@example.net,799.609.1699,534 Anderson Rue,Stephenland,MI,01721,B2C,1000.0,Due on Receipt,2024-06-06
CUST-00005,,Christine,Hart,jonesjason@example.com,(651)235-4278,124 Pamela Summit Apt. 449,Lake Matthew,NH,90612,B2C,1000.0,Due on Receipt,2024-10-21
CUST-00006,,Melissa,Wagner,rebecca01@example.net,(340)405-2427x86801,9826 Bobby Lakes,West Jasonbury,NC,87917,B2C,1000.0,Due on Receipt,2023-09-04
CUST-00007,,Michael,Castro,vdickson@example.org,622.460.2563,0733 Bailey View,East Andrew,GA,25814,B2C,1000.0,Due on Receipt,2024-04-21
CUST-00008,Ramirez-Jones,Kerri,Bell,ifrazier@example.com,8147294019,9816 Jonathan Station Suite 088,West Ryan,NC,87563,B2B,34215.78,Net 30,2025-06-01
CUST-00009,,Mark,Edwards,cortezkevin@example.com,+1-865-264-8236x6299,3699 Marshall Mills Apt. 872,West Zacharymouth,IL,12741,B2C,1000.0,Due on Receipt,2025-03-13
CUST-00010,,Stephanie,Young,jeffrey32@example.org,8379917693,20163 Linda Square Suite 083,South Dennismouth,IN,88001,B2C,1000.0,Due on Receipt,2024-08-02
CUST-00011,,Vanessa,Larson,usalazar@example.net,(387)627-7434x87347,5581 Edward Lights,Lake Jason,CA,54878,B2C,1000.0,Due on Receipt,2024-04-28
CUST-00012,Daniels-Perry,Jamie,Fisher,gateskathy@example.com,805.946.6889x3734,5627 Tina Place,South Brittanytown,GA,11504,B2B,22489.06,Net 60,2024-10-28
CUST-00013,,Roy,Camacho,brentgray@example.org,755.564.6417x080,003 Mary Road,East David,VA,88248,B2C,1000.0,Due on Receipt,2023-09-13
CUST-00014,,Anne,Robinson,katie29@example.net,001-512-341-9049x663,919 Michael Meadow Suite 185,Port Robertfort,MD,14334,B2C,1000.0,Due on Receipt,2024-05-18
CUST-00015,,Susan,Reid,bzimmerman@example.org,001-684-998-7769x453,9965 Troy Islands,South Jason,VA,34363,B2C,1000.0,Due on Receipt,2024-03-07
CUST-00016,Beard-Haynes,Joshua,Smith,christophercortez@example.com,+1-837-577-0143,957 Coleman Summit Suite 574,Johnville,AR,95041,B2B,34471.49,Net 60,2023-11-13
CUST-00017,,Leslie,Newton,jamesrodgers@example.com,001-498-694-1343x524,84271 Audrey Mountains,Alexanderburgh,PA,07235,B2C,1000.0,Due on Receipt,2023-12-30
CUST-00018,,Shelley,Woods,moralescharles@example.net,+1-502-829-4131x8699,4964 Chelsea Streets Apt. 334,East Johnside,GA,10339,B2C,1000.0,Due on Receipt,2023-10-16
CUST-00019,,Aaron,Hayes,ocarter@example.com,001-447-613-4936x183,02499 Gonzales Mountain,Hollyview,CT,66098,B2C,1000.0,Due on Receipt,2024-08-09
CUST-00020,Kim-George,Pamela,Navarro,anthony39@example.net,4498027874,75655 Mia Isle Suite 746,South Christopherview,OH,42873,B2B,9470.96,Due on Receipt,2023-09-15
CUST-00021,,Tara,Powell,sandovalamy@example.com,6384597703,7109 Jennifer Inlet Apt. 861,Port Robin,NC,60983,B2C,1000.0,Due on Receipt,2023-09-16
CUST-00022,,Deborah,Moore,william46@example.com,737.682.6398x2146,4997 Sean Orchard,Martinside,AL,49942,B2C,1000.0,Due on Receipt,2024-06-04
CUST-00023,,Sarah,Kane,ashleyhall@example.com,7573662702,87026 Charles Tunnel Suite 596,Port Markside,PA,50309,B2C,1000.0,Due on Receipt,2024-02-17
CUST-00024,"Higgins, Malone and Brennan",Barry,Jones,wendy16@example.org,001-517-824-0050x455,21969 Tyler Prairie,East Steven,FL,33790,B2B,9125.3,Net 30,2024-06-07
CUST-00025,,Jonathan,Smith,rsantana@example.net,(617)559-4647,1369 Andrews Squares Suite 064,New Michelleton,NE,79983,B2C,1000.0,Due on Receipt,2025-01-15
CUST-00026,Wall-Leach,Kimberly,Hall,jeffery39@example.com,+1-421-504-7095x2145,588 Rivas Glens,Coffeyport,OH,98354,B2B,40405.76,Net 30,2025-04-23
CUST-00027,Brock-Mcdonald,Charles,Webster,michelleramsey@example.com,+1-751-660-4817,513 Johnson Points Suite 931,Blankenshipport,DC,85598,B2B,30406.01,Net 30,2024-04-29
CUST-00028,Taylor Inc,Kevin,Vasquez,youngamanda@example.com,258.769.2617x964,7351 Stephens Rue,Bruceview,MA,25379,B2B,14322.08,Net 30,2023-09-19
CUST-00029,Davis-Lewis,Danielle,Maddox,buchananjohn@example.org,001-431-283-9335,28421 David Knolls Apt. 950,West Brian,WA,97719,B2B,19785.18,Net 30,2024-05-08
CUST-00030,"Wilson, Brown and West",Michael,Wheeler,ngordon@example.org,001-384-770-0766x177,24998 James Ranch,Shawnchester,NE,13500,B2B,5127.6,Net 30,2025-02-22
CUST-00031,"Wilson, Pena and Rich",Andrea,Glenn,ohayes@example.com,376-361-5654x52711,52809 Santiago Loop Suite 604,Michaelshire,MD,67008,B2B,16279.44,Net 30,2023-11-29
CUST-00032,,Eric,Olson,bellangela@example.org,001-649-636-8998x094,0229 Jones Streets Apt. 183,Barnesmouth,NY,21132,B2C,1000.0,Due on Receipt,2024-03-30
CUST-00033,,Larry,Nguyen,wareeric@example.net,6145767976,6149 Rose Inlet,East Randallton,PA,01508,B2C,1000.0,Due on Receipt,2023-11-22
CUST-00034,Dougherty-Saunders,Kathryn,Roberts,smithjulie@example.org,(268)838-8516,1596 Mckinney Mall,Dariustown,CA,43069,B2B,31498.38,Net 30,2023-10-28
CUST-00035,,Laurie,Montgomery,christopher13@example.com,001-468-316-4535,835 Luna Viaduct,East Curtis,OH,34051,B2C,1000.0,Due on Receipt,2023-11-17
CUST-00036,,Glenn,Hernandez,thompsonkendra@example.com,999.679.9552x717,058 Lance Mission Apt. 054,Lake Michelleland,AR,81111,B2C,1000.0,Due on Receipt,2024-09-20
CUST-00037,,William,Ford,colelisa@example.net,759.378.2071,37788 Michael Haven,Ortizmouth,VA,89485,B2C,1000.0,Due on Receipt,2024-09-23
CUST-00038,,Brian,Mccoy,cameron18@example.net,(344)692-5192x5462,528 Debbie Manors Suite 054,East Matthew,DE,64237,B2C,1000.0,Due on Receipt,2023-11-13
CUST-00039,Cooke and Sons,Chris,Richard,romeroamber@example.net,805.792.9622x29270,9473 Kyle Valleys,Mckeeborough,KS,48714,B2B,31714.97,Net 60,2024-11-24
CUST-00040,,Stacey,Joyce,xhammond@example.com,386.623.9240x75818,47826 Stacey Forges,Wilkersontown,NH,54882,B2C,1000.0,Due on Receipt,2023-07-28
CUST-00041,,Randy,Brooks,xvang@example.org,4519522047,010 Lewis Drive Suite 143,Davidbury,DC,55528,B2C,1000.0,Due on Receipt,2024-10-25
CUST-00042,"Bryant, Rodriguez and Stein",Candice,Smith,jennifercarter@example.org,+1-253-896-2185x188,65405 Michael Street Apt. 952,West Amyburgh,OH,90243,B2B,28465.3,Net 60,2024-06-11
CUST-00043,,Tina,Mendoza,lisabrown@example.com,8439030548,34505 Martinez Land Suite 676,Terrifort,NY,91211,B2C,1000.0,Due on Receipt,2024-07-07
CUST-00044,,Michael,Salinas,laurie61@example.com,+1-828-445-1154x479,7059 Hill Turnpike Apt. 165,North Douglas,ID,80136,B2C,1000.0,Due on Receipt,2024-11-24
CUST-00045,Johnson-Jones,Kimberly,Diaz,cherring@example.net,(775)857-1928,431 Jill Parks Suite 814,Janeborough,CA,80700,B2B,35874.39,Net 60,2024-01-24
CUST-00046,"Hendricks, Henry and Martinez",Melissa,Hayes,zosborn@example.net,451-588-4422x58313,58957 Cheryl Corners Apt. 467,Hammondshire,CT,10167,B2B,8307.08,Net 30,2023-09-22
CUST-00047,,Teresa,Day,howens@example.com,(489)622-6801,53584 John Roads,Davidport,NC,81035,B2C,1000.0,Due on Receipt,2024-08-04
CUST-00048,,Clarence,Davidson,georgeweber@example.net,690-601-0943x96907,64710 Scott Orchard Suite 359,West Michelle,PA,42354,B2C,1000.0,Due on Receipt,2025-01-07
CUST-00049,,Vanessa,Reed,xanderson@example.net,+1-415-337-1473,6963 Lisa Ports,Jamesburgh,MO,65809,B2C,1000.0,Due on Receipt,2024-07-20
CUST-00050,,Steven,Koch,zjohnson@example.net,233.395.0047x974,45650 Williams Points Apt. 584,South Williamside,TX,37164,B2C,1000.0,Due on Receipt,2025-03-19
CUST-00051,,Veronica,Becker,andersoncolin@example.com,985-923-9868x00025,825 Martin Ridges,Brittneyhaven,NE,67310,B2C,1000.0,Due on Receipt,2024-08-03
CUST-00052,,Tracy,Hart,xcabrera@example.com,+1-916-494-0974x9930,30913 Scott Manor Apt. 636,Salaston,FL,93008,B2C,1000.0,Due on Receipt,2023-10-02
CUST-00053,,April,Hoffman,ufox@example.org,685.585.4973x348,3757 Castro Underpass Suite 419,Huangfurt,CO,45738,B2C,1000.0,Due on Receipt,2025-02-06
CUST-00054,,Linda,Roberts,stephanie15@example.com,+1-547-533-8484x2199,833 Craig Isle,Garciaberg,SC,01180,B2C,1000.0,Due on Receipt,2024-08-17
CUST-00055,,Tiffany,Moore,mwoods@example.com,440-619-3802x62067,49915 Gibson Row,Smallberg,ND,66589,B2C,1000.0,Due on Receipt,2024-06-14
CUST-00056,,Joshua,Lamb,francisco74@example.net,(805)749-3296,1227 Boyle Avenue,Patrickmouth,WI,99297,B2C,1000.0,Due on Receipt,2024-01-10
CUST-00057,,Stephanie,Turner,greenmichael@example.org,6177426841,27279 Perry Plaza,Toddborough,GA,32936,B2C,1000.0,Due on Receipt,2024-11-26
CUST-00058,,Karen,Marks,foxallison@example.com,491-408-8398,713 Davis Pass Suite 072,Bryantton,WA,73743,B2C,1000.0,Due on Receipt,2024-06-10
CUST-00059,,Emily,Parker,fosterlisa@example.net,391.906.5180,6226 Haney Light,Kanefurt,FL,49737,B2C,1000.0,Due on Receipt,2023-08-18
CUST-00060,,Felicia,Stanley,desireebailey@example.org,+1-868-823-0047,75243 Antonio Shore,Mendeztown,UT,32045,B2C,1000.0,Due on Receipt,2023-11-24
CUST-00061,,Carlos,Wheeler,tharper@example.org,606.573.8302,953 Walter Shore Apt. 644,New Stacyburgh,CA,82551,B2C,1000.0,Due on Receipt,2024-11-25
CUST-00062,,Ronald,Simpson,shelly68@example.com,001-466-924-6287x334,668 Paul Glens,West Deborah,FL,59455,B2C,1000.0,Due on Receipt,2025-04-04
CUST-00063,,Nathan,Nichols,brettbennett@example.net,+1-501-539-8373x540,739 Randy Garden,Kimberlyfurt,WA,61613,B2C,1000.0,Due on Receipt,2024-08-04
CUST-00064,,Deborah,Parker,william77@example.org,001-875-635-5609x320,53693 Pierce Spur,Jonathanfort,HI,95339,B2C,1000.0,Due on Receipt,2024-10-27
CUST-00065,,Jodi,Murray,gary87@example.org,+1-508-301-0062,38750 Hopkins Brook,New Andreatown,CA,02693,B2C,1000.0,Due on Receipt,2024-08-01
CUST-00066,,Jennifer,Nichols,andre62@example.org,682-833-9845,6793 Kevin Views,Lake Victoriaton,FL,12756,B2C,1000.0,Due on Receipt,2024-04-26
CUST-00067,Bennett-Alvarez,Dana,Warner,porterryan@example.com,001-218-303-3974,902 Smith Fords Apt. 614,New John,GA,51508,B2B,41529.62,Due on Receipt,2024-11-23
CUST-00068,,Peggy,Rivera,krystalnorris@example.org,650.916.3159x99650,58662 Miller River Suite 311,Ericberg,MI,97449,B2C,1000.0,Due on Receipt,2024-04-14
CUST-00069,,Levi,Rodriguez,hahnsean@example.com,821-326-7888,58199 Shields Bridge,Robertland,OK,95507,B2C,1000.0,Due on Receipt,2025-05-16
CUST-00070,,Anita,Haney,ashleyjackson@example.com,(824)644-7212,7154 Jennifer Park Apt. 712,Adamfurt,PA,44045,B2C,1000.0,Due on Receipt,2025-03-31
CUST-00071,"James, Atkins and Alexander",Ryan,Colon,kevinmorrison@example.net,575.726.5479,6519 Brittany Plains Apt. 807,South Lauren,WA,91312,B2B,24032.16,Due on Receipt,2023-08-09
CUST-00072,,Lori,Flynn,ichambers@example.net,834-226-6179x7968,891 Kayla Shoals Suite 290,Rasmussenmouth,OH,56921,B2C,1000.0,Due on Receipt,2023-09-07
CUST-00073,,Alex,Green,seanmyers@example.net,001-382-350-7146,4573 Bailey Court,Bowenmouth,PA,42301,B2C,1000.0,Due on Receipt,2023-08-08
CUST-00074,,Kevin,Patrick,johnsonmatthew@example.org,+1-423-882-8258x6736,93796 Smith Forest Apt. 419,Port Monicaburgh,IA,48446,B2C,1000.0,Due on Receipt,2024-02-25
CUST-00075,,James,Wilson,orose@example.com,+1-369-469-1557x924,34125 William Manor Apt. 966,South Cynthia,OH,91390,B2C,1000.0,Due on Receipt,2025-05-30
CUST-00076,,Deanna,Cooke,tracytaylor@example.com,890.950.7236x887,772 Ariana Underpass Apt. 404,New Keith,NY,60443,B2C,1000.0,Due on Receipt,2024-08-29
CUST-00077,,Julia,Cannon,armstrongjoseph@example.net,(680)778-3613x407,1339 Callahan Ridge,Martinberg,MI,27583,B2C,1000.0,Due on Receipt,2025-03-09
CUST-00078,,Jamie,Brown,amanda98@example.org,444-794-8126x04223,672 Burton Lane,Jonesland,WV,53303,B2C,1000.0,Due on Receipt,2024-07-21
CUST-00079,,Kara,Neal,shawn75@example.net,5179518636,4589 Ashlee Oval Suite 001,Smithburgh,NC,58341,B2C,1000.0,Due on Receipt,2024-06-05
CUST-00080,Braun Group,James,Barker,nicoleturner@example.com,554-815-2064,103 Miller Ramp,New Erin,MI,01718,B2B,48854.6,Due on Receipt,2023-06-23
CUST-00081,,Heather,Montoya,ebenson@example.org,861.411.5542,89092 Bell Forest,South Christina,NC,58485,B2C,1000.0,Due on Receipt,2025-04-14
CUST-00082,,Jeff,Mosley,karenlawrence@example.com,(665)223-4138x999,89836 Lucas Tunnel Apt. 761,South Danielle,NV,09808,B2C,1000.0,Due on Receipt,2024-07-31
CUST-00083,Hatfield LLC,David,Valencia,rdiaz@example.org,001-871-809-1043x006,88924 Kyle Pass Apt. 285,Willisland,RI,41155,B2B,17035.15,Net 30,2024-12-10
CUST-00084,,Samuel,Ashley,brianmiller@example.com,479-290-4210,5884 Nathan Summit,Jessicaville,WV,04348,B2C,1000.0,Due on Receipt,2024-03-03
CUST-00085,,Lindsay,Nelson,bakertheresa@example.net,777-485-0792,91380 Michele Bridge Apt. 075,Moraburgh,NY,05136,B2C,1000.0,Due on Receipt,2024-08-19
CUST-00086,,Linda,Klein,pwalker@example.com,001-854-319-5180x238,4518 Smith Flats Suite 949,South Micheal,NY,65166,B2C,1000.0,Due on Receipt,2025-02-06
CUST-00087,Oconnor PLC,Kathleen,Sanchez,randolphandrew@example.net,(205)406-4138x367,03865 Villegas Corner Apt. 826,New Ashleychester,MN,87328,B2B,34580.51,Net 30,2023-09-26
CUST-00088,,Joel,Green,sara65@example.com,943.713.2912x127,85374 Baker Crest Apt. 249,East Marymouth,NY,19942,B2C,1000.0,Due on Receipt,2023-08-26
CUST-00089,"Wright, Kelly and Palmer",Erica,Green,anthonysullivan@example.com,+1-283-517-1210,65199 Lowery Club,North Jamesmouth,TX,17381,B2B,38575.03,Net 30,2023-08-27
CUST-00090,,Rebecca,Calderon,david70@example.org,001-566-470-6625,7209 Deborah Parks Suite 870,West Patrickchester,FL,26644,B2C,1000.0,Due on Receipt,2024-10-28
CUST-00091,,Nicole,Fox,mayokimberly@example.com,587.259.8564x2059,78593 Craig Shoals Apt. 480,New Meghan,GA,51412,B2C,1000.0,Due on Receipt,2024-03-18
CUST-00092,,Savannah,Frey,gregorywatkins@example.net,001-659-405-9929x378,10393 Alisha Alley Suite 932,Jennifermouth,TX,08307,B2C,1000.0,Due on Receipt,2023-07-04
CUST-00093,Willis and Sons,Kim,Mathis,susan56@example.net,454-752-2675,926 Gross Hill,East Jessica,MN,92514,B2B,31830.07,Net 30,2024-09-03
CUST-00094,,Peter,Gamble,whitelucas@example.net,791.472.5135,570 Clark Square,West Jonathanville,WA,94927,B2C,1000.0,Due on Receipt,2023-06-17
CUST-00095,,Brandon,Kim,acosta@example.com,(258)761-7932x7104,15262 Amy Course Suite 997,South Sherriburgh,OR,80103,B2C,1000.0,Due on Receipt,2025-05-08
CUST-00096,,Ryan,Brown,jamie36@example.net,+1-984-444-3106,0614 Gonzalez Burg,East Danielle,CT,11240,B2C,1000.0,Due on Receipt,2024-06-18
CUST-00097,,Megan,Parker,qruiz@example.com,286-625-6527,4349 Edward Square Apt. 158,Arellanoshire,IL,30321,B2C,1000.0,Due on Receipt,2024-08-19
CUST-00098,,Bruce,Hughes,rsheppard@example.com,001-437-341-6089,23320 Miller Springs Suite 329,Luisland,AR,11907,B2C,1000.0,Due on Receipt,2024-04-13
CUST-00099,,Angela,Arnold,april09@example.net,761.862.2999x11914,7997 Gerald Lodge Apt. 996,South Pamelamouth,WA,91008,B2C,1000.0,Due on Receipt,2023-12-18
CUST-00100,,Brandon,Alvarez,penny05@example.com,547-913-2475x4691,7850 Cameron Station,Taylorhaven,IL,75038,B2C,1000.0,Due on Receipt,2023-07-09
CUST-00101,,Glenn,Golden,marywright@example.com,2535457861,9727 Cooper Villages Suite 140,Williamsshire,OH,28592,B2C,1000.0,Due on Receipt,2025-04-12
CUST-00102,,Jeffrey,Perez,josephortiz@example.org,001-707-922-9034x944,74896 Adrian Shore Suite 899,Kennethville,MT,63643,B2C,1000.0,Due on Receipt,2023-08-05
CUST-00103,,Matthew,Hill,michelle44@example.org,(983)609-6520,6609 Matthew Station Apt. 875,Meganside,OK,24242,B2C,1000.0,Due on Receipt,2024-01-31
CUST-00104,,Connor,Anderson,jessica82@example.net,913-253-4655x49471,3816 Gutierrez Ways,East Victoria,NC,45415,B2C,1000.0,Due on Receipt,2024-04-29
CUST-00105,,Vanessa,Orozco,tthomas@example.org,001-917-352-5007x432,666 Sanford Lights,North Amandastad,NE,02346,B2C,1000.0,Due on Receipt,2025-05-09
CUST-00106,,Marco,Whitaker,andrewsmith@example.net,635.442.1689,44789 Hamilton Spur,West Wendy,OH,64749,B2C,1000.0,Due on Receipt,2024-03-22
CUST-00107,,Karen,Martin,osmith@example.net,(830)698-2150,010 Hannah Mall,Jamesside,GA,33627,B2C,1000.0,Due on Receipt,2024-06-19
CUST-00108,"Hernandez, Neal and Mccoy",Kevin,Stanley,cindy26@example.org,891.641.1739x34835,87375 Aaron Skyway,North Maryfort,WV,20049,B2B,16498.38,Net 60,2023-08-25
CUST-00109,,Kimberly,Jones,conwaydawn@example.com,247-201-2045x5611,255 Friedman Grove,West Lisaburgh,IN,15421,B2C,1000.0,Due on Receipt,2024-04-23
CUST-00110,Rivers-Nelson,Paul,Jefferson,zbanks@example.org,920-421-6979,9027 Rodriguez Loop Suite 014,Alexanderhaven,FL,97969,B2B,10813.36,Due on Receipt,2024-09-06
CUST-00111,"Cunningham, Levine and Santiago",Matthew,Mills,reynoldsjessica@example.com,(362)989-0028x772,54083 Powell Freeway Apt. 779,Millerfort,IA,59099,B2B,30142.56,Due on Receipt,2024-02-17
CUST-00112,Hooper Ltd,Denise,Garcia,jjohnson@example.org,799-248-8375,5899 Moran Lakes,Wilsonbury,WA,00788,B2B,22868.2,Due on Receipt,2024-03-08
CUST-00113,,Michael,Schultz,amy51@example.org,(372)861-4933,3516 Sara Villages,Port Patriciamouth,FL,86806,B2C,1000.0,Due on Receipt,2024-09-16
CUST-00114,,Stephanie,Taylor,vsmith@example.org,+1-369-878-2922,669 Joshua Junctions Suite 722,Morrisonhaven,WA,39680,B2C,1000.0,Due on Receipt,2025-04-01
CUST-00115,"Kelley, Edwards and Doyle",Angela,Robinson,claudiaroberts@example.com,+1-622-888-5158x7996,106 Brian Centers,West Karen,MS,21595,B2B,24317.79,Net 60,2024-01-25
CUST-00116,"King, Franco and Vaughn",Kenneth,Molina,howardshaun@example.net,+1-283-286-3840x6665,97359 Kimberly Fields Suite 721,East Jill,AR,16144,B2B,18028.18,Net 60,2024-04-04
CUST-00117,,Billy,Ramirez,david94@example.org,372-702-5909x47985,81826 Davis Forges,Lake Martin,TX,47791,B2C,1000.0,Due on Receipt,2024-01-31
CUST-00118,,Jeffery,Goodwin,wbarajas@example.net,7158739930,4840 Robertson Pass,Tuckerport,NJ,85898,B2C,1000.0,Due on Receipt,2023-11-13
CUST-00119,,Luke,Miller,jacksonstephanie@example.net,+1-801-333-6138,75011 Gregory Glen,New Lorraineview,RI,53930,B2C,1000.0,Due on Receipt,2024-04-13
CUST-00120,Mccoy-Hamilton,Andre,Nunez,maychristine@example.net,001-301-658-1449,6072 Derek Lock Suite 245,New Nancyberg,TX,16653,B2B,24652.03,Net 30,2023-07-19
CUST-00121,,Adam,Carlson,torreskaitlin@example.net,(436)282-2239x431,814 John Flat Suite 552,North Justin,MT,09650,B2C,1000.0,Due on Receipt,2025-05-16
CUST-00122,,James,Tucker,christina49@example.org,001-595-856-2053,2577 Howard Inlet Suite 812,Port Juanberg,CA,71098,B2C,1000.0,Due on Receipt,2023-11-16
CUST-00123,,Jose,Mercado,lunapatricia@example.net,+1-409-796-9308x4887,94278 Randy Parkway Apt. 392,South Erik,WA,74734,B2C,1000.0,Due on Receipt,2024-08-29
CUST-00124,"Brennan, Thomas and Dennis",Sheila,Williams,qhall@example.com,203.785.6770,844 Nicholas Lane,Brianaland,NC,68221,B2B,19988.09,Net 30,2023-12-29
CUST-00125,,Nicholas,Solomon,wgomez@example.com,490.482.7231x8432,136 Cortez Orchard Suite 739,Lake Martha,NY,03443,B2C,1000.0,Due on Receipt,2023-12-23
CUST-00126,,Bradley,Berry,dennishunt@example.net,(202)642-8699,79772 Maria Rapid,Port Brandi,KS,24340,B2C,1000.0,Due on Receipt,2024-10-13
CUST-00127,,Donna,Baker,sandra99@example.org,866.421.0388,79908 Christopher Shoals,New Amber,WY,00658,B2C,1000.0,Due on Receipt,2025-05-13
CUST-00128,,Sharon,Gregory,xboyd@example.org,001-686-937-6599x162,49864 Adam Summit,New Alexandrahaven,UT,01443,B2C,1000.0,Due on Receipt,2024-04-03
CUST-00129,"Harris, Brock and Ortiz",Daniel,Simmons,jose86@example.net,(994)663-6887x258,562 Julie Mission Apt. 138,Hartmanside,NC,80982,B2B,41676.67,Net 30,2024-12-09
CUST-00130,,Gabrielle,Williams,aoconnell@example.org,(379)261-1435,9849 Sonya Viaduct Apt. 770,Port Diane,FL,68416,B2C,1000.0,Due on Receipt,2024-01-25
CUST-00131,,James,Bowers,christinacraig@example.com,502.214.6566,84895 Richmond Harbor,New Sylvia,NV,60107,B2C,1000.0,Due on Receipt,2025-06-08
CUST-00132,,Richard,Smith,richardrodriguez@example.org,745.918.4894x76973,071 Jones Roads Apt. 356,Zacharytown,WV,92358,B2C,1000.0,Due on Receipt,2025-03-24
CUST-00133,,Jose,Mitchell,vnunez@example.org,+1-527-955-3942,34333 Mary Knolls,Port Daniel,FL,10788,B2C,1000.0,Due on Receipt,2024-11-22
CUST-00134,"Vasquez, Smith and Vincent",Susan,Charles,christine79@example.com,228.746.3920x8678,271 Stewart Branch Apt. 369,West Michaelview,NM,25031,B2B,27235.27,Due on Receipt,2024-08-16
CUST-00135,Young-Ruiz,Christie,Diaz,acoleman@example.net,001-855-864-7292x931,27026 Taylor Vista,Kristenport,DE,33396,B2B,35651.01,Due on Receipt,2024-08-26
CUST-00136,,Michele,Williams,vaughnbrian@example.com,317.754.5588x4506,982 Kelly Spring,Hamptonmouth,NJ,10778,B2C,1000.0,Due on Receipt,2024-04-07
CUST-00137,,Christina,Ford,mirandadavidson@example.com,(899)661-1253x55449,9876 Ivan Brooks Apt. 341,East Randy,NM,13025,B2C,1000.0,Due on Receipt,2023-08-05
CUST-00138,,Sharon,Kennedy,johnsonrandy@example.org,649-921-6433,82005 Lin Mountain,Amyberg,CT,91939,B2C,1000.0,Due on Receipt,2024-08-08
CUST-00139,,Gregory,Harper,omills@example.net,257-283-1745x6424,4780 Arroyo Neck,Albertchester,CT,38894,B2C,1000.0,Due on Receipt,2024-09-22
CUST-00140,,Jerry,Smith,jacob86@example.com,626.663.4163,3122 Rodriguez Motorway Suite 497,West Andrew,PA,07006,B2C,1000.0,Due on Receipt,2024-08-05
CUST-00141,,Andrew,Compton,joseph70@example.org,720-973-5647,1204 Jones Mountains,East Paula,PA,33279,B2C,1000.0,Due on Receipt,2025-03-12
CUST-00142,,Patrick,Smith,paulproctor@example.org,001-303-671-8376x452,435 Michelle Forge Apt. 365,East Laurashire,WA,16183,B2C,1000.0,Due on Receipt,2024-04-19
CUST-00143,,Kristina,Smith,perkinshannah@example.net,+1-725-413-2719x500,73585 Quinn Brooks,Howardberg,IL,33360,B2C,1000.0,Due on Receipt,2025-05-15
CUST-00144,,Benjamin,Mann,amy73@example.net,(385)457-4982,4857 Kimberly Parkways Suite 209,Kimberlybury,OH,42535,B2C,1000.0,Due on Receipt,2024-12-28
CUST-00145,,Bryan,Coffey,rlee@example.com,001-482-294-5651x181,73109 Barrett Pine,Brandonbury,TX,79924,B2C,1000.0,Due on Receipt,2024-12-25
CUST-00146,,Chad,Conrad,dianahebert@example.org,605.386.5094x801,113 Lopez Pine,New Colleen,IA,23949,B2C,1000.0,Due on Receipt,2024-08-23
CUST-00147,,Kara,Perry,mirandabarbara@example.net,961.722.8685x289,556 Mckenzie Islands Apt. 983,Cannonview,MO,47688,B2C,1000.0,Due on Receipt,2024-06-02
CUST-00148,,Seth,Sanders,birdcaitlin@example.net,(440)343-3504,5224 Preston Gateway,West Lisa,VT,12547,B2C,1000.0,Due on Receipt,2024-09-02
CUST-00149,Carroll-Robinson,Chris,Nguyen,sthompson@example.net,001-719-740-9610,1390 Brown Pine Apt. 589,West Wayne,DE,29441,B2B,45907.25,Due on Receipt,2023-10-13
CUST-00150,,Brent,Dennis,wmaddox@example.net,001-781-336-4622,086 Miller Parkway Suite 227,South Randall,TX,75386,B2C,1000.0,Due on Receipt,2023-11-16
CUST-00151,,Ann,Shea,johnadams@example.com,491-716-6553x55904,270 James Landing Apt. 110,New Sara,IA,38208,B2C,1000.0,Due on Receipt,2023-06-27
CUST-00152,,Matthew,Brock,shannon05@example.org,001-283-638-8487x920,43940 Pena Branch,South Donnastad,GA,14642,B2C,1000.0,Due on Receipt,2023-07-01
CUST-00153,,Kelly,Ware,yhall@example.net,001-215-279-8123x878,457 Garner Brook,Gabriellestad,NY,82451,B2C,1000.0,Due on Receipt,2024-02-06
CUST-00154,Ferrell PLC,Joshua,Brown,natasha08@example.com,525.862.1689,264 Cole Curve,Lake Dillon,CA,71457,B2B,27704.71,Net 30,2024-11-29
CUST-00155,,Lauren,Huffman,haley82@example.com,001-829-825-1881x252,4231 Jack Track Suite 999,New Jesse,SD,90596,B2C,1000.0,Due on Receipt,2023-07-07
CUST-00156,,Michael,Watts,manderson@example.com,001-252-667-7223x306,33127 Watts Way Suite 366,New Jillfurt,CT,94899,B2C,1000.0,Due on Receipt,2024-02-15
CUST-00157,,Phillip,Crosby,meyershannon@example.org,588.660.8680,4472 Phillips Center Apt. 771,East Kimberlyside,NH,18235,B2C,1000.0,Due on Receipt,2024-04-17
CUST-00158,,Robert,Hayes,shawnmosley@example.org,814.452.1117x518,602 Cunningham Shoals Apt. 222,South Kylemouth,GA,38352,B2C,1000.0,Due on Receipt,2024-10-15
CUST-00159,Wilson and Sons,Susan,Smith,alexander77@example.net,9973339776,84983 Jack Centers,Benjaminton,WA,87925,B2B,23394.62,Net 60,2024-09-08
CUST-00160,,Mary,Evans,williamsrobert@example.org,(749)299-8279,5561 Bridges Circles,Thomasville,OH,91546,B2C,1000.0,Due on Receipt,2025-04-14
CUST-00161,Murphy-Gutierrez,Jason,Clark,rodriguezjessica@example.net,917.994.6954x89952,93430 Andrew Road Apt. 396,Williamsstad,NC,73955,B2B,20059.22,Net 60,2025-03-04
CUST-00162,,Dana,Smith,hannahking@example.org,448-585-0155x6990,7702 Moore Mount Suite 760,Annettemouth,OR,73269,B2C,1000.0,Due on Receipt,2024-08-06
CUST-00163,,Andrew,Ray,lauren51@example.org,605-768-2996x291,6173 Hayes Hollow,New Kevin,FL,15211,B2C,1000.0,Due on Receipt,2024-04-02
CUST-00164,Strickland Inc,Scott,Johnson,jstein@example.org,378-245-2182x30768,91570 Abigail Shoals Suite 094,West James,OH,38061,B2B,48398.45,Due on Receipt,2024-01-17
CUST-00165,"Flores, Alexander and Wilson",Edward,Hill,mullenanita@example.org,585.485.4249,9587 David Mountains,North Patrickland,FL,56398,B2B,8667.59,Due on Receipt,2024-04-16
CUST-00166,,Harold,Carlson,tjensen@example.com,981.679.2171,3329 Durham Lock Apt. 557,Johnsonfort,IL,15297,B2C,1000.0,Due on Receipt,2024-03-15
CUST-00167,,Timothy,Singleton,katrina99@example.org,516.415.8148x76963,1539 Mueller Mews Suite 832,Lake Sarahshire,ND,64284,B2C,1000.0,Due on Receipt,2023-09-13
CUST-00168,,Brittany,Ford,shortgregory@example.com,591-496-5701,27846 Gonzalez Springs,Kevinport,AL,57481,B2C,1000.0,Due on Receipt,2024-12-25
CUST-00169,,Toni,Cooper,aguilarcheryl@example.net,(524)805-8008x5140,566 Graham Forest Apt. 723,Bridgesstad,SD,55188,B2C,1000.0,Due on Receipt,2023-10-14
CUST-00170,Bright-Santiago,Dennis,Jones,thomasnicole@example.net,(921)826-7969x27868,26909 Bradford Freeway Suite 689,Arthurton,WA,74969,B2B,30151.49,Due on Receipt,2024-06-26
CUST-00171,"Richardson, Carpenter and Nixon",Christopher,Cross,steven18@example.net,737-218-9490,8795 Gomez Union Suite 420,Jessicashire,OH,34637,B2B,35155.24,Due on Receipt,2023-08-03
CUST-00172,"Kennedy, Jackson and Williams",Veronica,Lamb,mitchellchristopher@example.net,344-429-4440,752 Patton Freeway,Whitehaven,LA,04838,B2B,9205.38,Due on Receipt,2024-03-09
CUST-00173,,Tracey,Coffey,marymullins@example.com,001-863-972-3950x410,8366 Baker Pines Suite 047,Gregoryhaven,OH,90006,B2C,1000.0,Due on Receipt,2023-07-18
CUST-00174,,Connor,Schmidt,stephanie69@example.net,754-441-4967x393,001 Robert Pine Apt. 753,Johnathanton,WA,03607,B2C,1000.0,Due on Receipt,2024-10-10
CUST-00175,,Christopher,Mays,stephanielittle@example.net,619-626-9212,174 Schwartz Shores Suite 421,Kimberlyfurt,GA,51434,B2C,1000.0,Due on Receipt,2024-03-01
CUST-00176,,Wendy,Scott,gregory17@example.org,+1-662-371-2863x917,19470 Hernandez Route,North Elizabethview,WI,20372,B2C,1000.0,Due on Receipt,2024-12-11
CUST-00177,,Mark,Myers,robertsonshelby@example.com,766.618.3067x1985,15851 Hodges Highway Apt. 280,Guerreroport,NC,91711,B2C,1000.0,Due on Receipt,2024-04-15
CUST-00178,Mccoy LLC,Tom,Mcclure,imoss@example.org,909.937.6184,50506 Jason Shoal,Bentleyside,WA,20024,B2B,8472.43,Net 30,2025-01-12
CUST-00179,,Beth,Buckley,mosstracy@example.org,390.332.0204x1792,9931 Ronald Valleys,Nguyenshire,MD,72051,B2C,1000.0,Due on Receipt,2023-10-01
CUST-00180,Copeland-Mcguire,Kathryn,Watkins,bryan42@example.com,(358)827-3902,71002 Jasmine Ramp,Robertfort,LA,91249,B2B,6698.64,Net 60,2023-09-23
CUST-00181,Thomas LLC,Alexandra,Jenkins,cheryljohnson@example.org,001-379-714-5608x331,3403 Laura Spur,Jimenezburgh,NJ,88337,B2B,10897.21,Net 60,2025-06-02
CUST-00182,,Bradley,Newman,jason45@example.net,001-970-710-8220x781,53153 Joel Loop Apt. 631,Richardston,NY,57630,B2C,1000.0,Due on Receipt,2023-10-07
CUST-00183,Reilly Group,Gregory,Brooks,ocortez@example.com,835-420-9042x177,49292 Christopher Walks Suite 397,Ramirezchester,WI,96993,B2B,33113.32,Net 30,2025-04-24
CUST-00184,Wright Group,Bethany,Snow,robinvillanueva@example.com,3079806867,18063 Michael Garden Apt. 074,Lake Stephen,PA,75261,B2B,23488.64,Due on Receipt,2025-01-17
CUST-00185,"Johnson, Gibson and Ingram",Morgan,Sullivan,courtney01@example.com,001-758-204-6498x931,16579 Michael Extensions Apt. 832,Johnville,CT,85571,B2B,32476.79,Due on Receipt,2024-06-22
CUST-00186,"Crosby, Carpenter and Haley",Jason,Mcgee,lukehurst@example.net,+1-664-901-5577x8817,137 Christopher Fall Suite 112,Danielberg,WA,65555,B2B,29030.5,Net 60,2023-10-11
CUST-00187,Meyer Ltd,Andrew,Butler,thomasfisher@example.net,+1-904-931-0385x6955,9242 Perez Landing Suite 025,Stephenburgh,DC,81586,B2B,26105.7,Net 30,2025-06-03
CUST-00188,,Eugene,Nichols,teresafranco@example.net,+1-222-731-0592x7452,57828 Martinez Burg Suite 727,Ericside,MS,67008,B2C,1000.0,Due on Receipt,2024-02-29
CUST-00189,"Thornton, Wells and Roberts",Sherry,Hooper,laurenchandler@example.com,317-702-8140x69375,398 Kimberly Trafficway,Jamesland,GA,71071,B2B,39624.73,Net 60,2025-04-06
CUST-00190,,Sean,Powers,daughertypreston@example.com,799-780-5626x56504,8137 Lara Heights Apt. 662,East Jaredfort,AR,69353,B2C,1000.0,Due on Receipt,2024-03-03
CUST-00191,Fitzpatrick PLC,Katelyn,Davis,rfowler@example.com,(987)292-3264,478 Walker Turnpike Apt. 244,Martinezport,PA,55178,B2B,41056.67,Net 30,2023-11-03
CUST-00192,Knox-Newman,Anthony,Hubbard,egamble@example.net,001-659-479-6471x589,57252 Joseph Manor,Brandonport,OH,69918,B2B,33853.06,Net 60,2024-10-25
CUST-00193,,Sharon,Palmer,kathygeorge@example.org,+1-755-444-5189,84576 Mccall Estates,East Ericbury,NY,25197,B2C,1000.0,Due on Receipt,2025-02-23
CUST-00194,"Austin, Guerra and Fox",Amanda,Arnold,butlersabrina@example.org,(707)454-5279,13223 Martinez Curve Apt. 611,Port Toddchester,KY,06073,B2B,43302.47,Net 60,2023-11-16
CUST-00195,,Daniel,Mcguire,harrisonrebekah@example.org,440-711-9393,24955 Melissa Tunnel,New Ashley,CA,13490,B2C,1000.0,Due on Receipt,2025-03-14
CUST-00196,,Belinda,Smith,jenniferbrandt@example.org,001-880-813-8759x271,361 Martinez Creek,South Kathryn,KS,92871,B2C,1000.0,Due on Receipt,2024-01-26
CUST-00197,,Angela,Williams,tristan64@example.com,+1-447-238-6463x175,167 David Locks Suite 912,West Theresamouth,CO,26749,B2C,1000.0,Due on Receipt,2024-09-21
CUST-00198,,Megan,Powell,maryhardy@example.com,001-399-346-5796x784,7320 Joan Village Apt. 702,Jacobsmouth,NC,20520,B2C,1000.0,Due on Receipt,2024-02-07
CUST-00199,"Hanson, Wolf and Guerrero",April,Vasquez,qharris@example.com,784.885.8800x6167,0028 Dyer Expressway Suite 624,Freemanville,IL,75061,B2B,46871.24,Net 60,2024-11-22
CUST-00200,,Tracy,Spencer,kalvarez@example.net,7642796954,025 Pacheco Prairie,Port Patriciamouth,IA,50383,B2C,1000.0,Due on Receipt,2023-08-31
CUST-00201,,Ronnie,Braun,qbell@example.org,434.291.1415,76986 Smith Mountains Apt. 569,Morrisville,WA,64511,B2C,1000.0,Due on Receipt,2023-09-02
CUST-00202,"Leonard, Rogers and Shaw",Kathy,Morgan,michael63@example.com,+1-318-734-4049x6391,98763 Flynn Run Suite 846,Jamesfurt,GA,33434,B2B,15104.24,Net 60,2024-10-14
CUST-00203,"Chavez, Hines and White",Andrew,Warner,barbaralewis@example.net,548.496.9083x572,6513 Adams Heights Apt. 493,Allenberg,TN,25655,B2B,34248.23,Net 30,2023-07-08
CUST-00204,,John,Wilcox,bwashington@example.com,+1-203-224-2044x8207,9416 Powers Course,Hahnberg,OH,31439,B2C,1000.0,Due on Receipt,2023-09-11
CUST-00205,"Navarro, Fitzpatrick and Boyd",Maria,Herring,tyler13@example.net,355-496-3632,7649 Tracy Landing,West Amyfort,HI,89988,B2B,36323.24,Net 30,2023-12-25
CUST-00206,Suarez-Giles,Michael,Baldwin,andrew90@example.net,+1-803-648-6451x8376,34327 Suarez Trafficway Suite 041,Ruizchester,HI,44111,B2B,25187.07,Net 30,2024-12-25
CUST-00207,Mcdowell-Wilkins,Madison,Hale,bellcarrie@example.net,001-357-300-2720x634,82965 Mendoza Street,West Glenn,FL,78229,B2B,16516.58,Net 30,2025-03-20
CUST-00208,,Mark,Campbell,perryhunter@example.com,001-530-608-9317,69694 Christopher Land,New David,UT,94687,B2C,1000.0,Due on Receipt,2024-07-29
CUST-00209,,Ryan,Mora,fwilcox@example.org,533.544.7626,362 Sparks Burgs Suite 439,Solomonstad,CA,76903,B2C,1000.0,Due on Receipt,2024-11-29
CUST-00210,,Deborah,Miller,uanderson@example.net,(936)769-4118x0053,48964 Lambert Curve,New Harryburgh,OH,66528,B2C,1000.0,Due on Receipt,2024-07-03
CUST-00211,,Sarah,Humphrey,christopherpage@example.com,(841)650-2745,485 Stafford Island Suite 287,East Edgarbury,PA,24505,B2C,1000.0,Due on Receipt,2023-07-14
CUST-00212,,Thomas,Martin,fgraham@example.org,658.477.7121x513,849 Brandy Avenue,South Samantha,AR,32765,B2C,1000.0,Due on Receipt,2025-02-02
CUST-00213,,Tyler,Davis,anthony16@example.com,001-615-220-1777,97592 Michelle Unions Suite 501,Davisview,NJ,23833,B2C,1000.0,Due on Receipt,2023-12-20
CUST-00214,,Tammy,Glenn,smithjared@example.com,001-564-921-4764x925,7499 Davis Manors Suite 926,Davishaven,IL,45294,B2C,1000.0,Due on Receipt,2024-06-11
CUST-00215,"Walker, Parks and Moore",Tyler,Soto,robertssamuel@example.com,322-843-8649x0810,79454 Kayla Brook Apt. 722,Williamschester,IN,92825,B2B,31853.26,Net 30,2024-02-03
CUST-00216,,Lee,Ramsey,qhanson@example.com,(232)219-4168,02776 Turner Via Suite 641,East Alexander,MS,15169,B2C,1000.0,Due on Receipt,2025-03-11
CUST-00217,,Allen,Waller,clarkdeborah@example.net,868.231.4727,27770 Richards Flats,Ashleyfurt,NC,07175,B2C,1000.0,Due on Receipt,2024-03-02
CUST-00218,,Alan,Mccoy,fpetty@example.net,001-998-540-7678,069 Tran Grove,Smallville,CA,65353,B2C,1000.0,Due on Receipt,2024-10-12
CUST-00219,,Sheila,Reed,ssmith@example.net,975.473.8395,665 Marsh Vista Apt. 934,Lake Timothyburgh,CA,26647,B2C,1000.0,Due on Receipt,2023-10-16
CUST-00220,,Catherine,Garcia,fhahn@example.com,438.200.5452,6193 Anna Oval,Victoriastad,NY,06618,B2C,1000.0,Due on Receipt,2025-02-04
CUST-00221,,Natalie,Adams,melissarusso@example.net,+1-410-377-1199x1808,2478 Oconnor Courts,Lake Michael,CA,18559,B2C,1000.0,Due on Receipt,2023-09-20
CUST-00222,,Melinda,Gonzales,ahammond@example.org,854.582.1456x5328,6678 Acevedo Mills,Port Alejandro,OH,68310,B2C,1000.0,Due on Receipt,2023-08-10
CUST-00223,,Christopher,Edwards,ryanlong@example.org,+1-429-808-4668x4550,389 Terry Valleys Suite 341,New Matthewberg,LA,68720,B2C,1000.0,Due on Receipt,2024-08-10
CUST-00224,,Justin,Davis,adrienne20@example.org,+1-794-634-6810,01749 Shawn Freeway Apt. 544,Lake Nicholas,DC,97168,B2C,1000.0,Due on Receipt,2023-12-26
CUST-00225,Murphy PLC,James,Osborne,tgarcia@example.com,(811)606-2737x15869,677 Colon Divide Apt. 772,Lake Jasonfort,MA,04774,B2B,5915.04,Net 60,2025-01-16
CUST-00226,,Eric,Hansen,guzmanricky@example.org,(994)208-2154x544,96044 Isaac Streets,Smithside,WA,46199,B2C,1000.0,Due on Receipt,2023-08-08
CUST-00227,Butler PLC,Kyle,Chavez,kimberly79@example.org,001-828-777-7251x996,741 Jasmine Ports,Annville,FL,84900,B2B,38629.25,Net 60,2024-08-24
CUST-00228,Lee PLC,Amber,Todd,karenshaw@example.org,382-704-3397,070 Kim Mall Apt. 856,Christopherville,IL,71513,B2B,15850.67,Due on Receipt,2023-10-25
CUST-00229,,Justin,White,moorestephanie@example.net,(309)752-0046,5461 James Terrace,South William,WI,66616,B2C,1000.0,Due on Receipt,2024-04-11
CUST-00230,,Stacy,Adams,steven61@example.com,4636048913,1832 Fernandez Extension Apt. 868,Williamsmouth,WA,81861,B2C,1000.0,Due on Receipt,2024-01-27
CUST-00231,,Denise,Jackson,mahoneytimothy@example.net,665-339-8402x891,128 Johns Fords Suite 547,Johnmouth,PA,45279,B2C,1000.0,Due on Receipt,2023-11-27
CUST-00232,,Steve,Greene,sloandennis@example.org,+1-270-902-6876x811,6956 Mary Valleys,North Stevenborough,NY,58772,B2C,1000.0,Due on Receipt,2023-06-24
CUST-00233,Paul LLC,Erin,Fletcher,christopheraustin@example.com,001-833-375-0479x303,872 Donna Port Apt. 192,East Jordanshire,FL,30380,B2B,42367.26,Due on Receipt,2025-05-01
CUST-00234,,Alexandra,Casey,melaniejohnson@example.net,+1-989-948-7060x5664,030 Hull Place Suite 506,West Christopher,SC,75450,B2C,1000.0,Due on Receipt,2025-03-05
CUST-00235,,Anthony,Mclaughlin,prosario@example.org,(754)611-0760,73505 Sherry Trail,Duranmouth,NY,76383,B2C,1000.0,Due on Receipt,2023-09-21
CUST-00236,Villegas Inc,Nicholas,Wu,pattonbryan@example.com,6498611080,96399 Shawn Mountain Suite 991,Debratown,NC,60017,B2B,37222.03,Net 60,2024-07-22
CUST-00237,,Mark,Lee,smithjennifer@example.net,992.484.5679,00249 Palmer Run,Larryside,PA,19588,B2C,1000.0,Due on Receipt,2023-10-09
CUST-00238,,Terrance,Morrison,miguel08@example.net,+1-520-938-8065x3331,599 Jensen Manor Suite 217,South Jeffreytown,PA,84225,B2C,1000.0,Due on Receipt,2023-12-07
CUST-00239,"Hall, Hanson and Allen",Jessica,Cisneros,lindsay63@example.com,(405)601-5081,95003 Justin Forges Suite 258,East James,CA,23579,B2B,47001.69,Due on Receipt,2025-04-01
CUST-00240,,Jose,Garcia,nicholascobb@example.org,434-573-5528x96112,655 Rowland Gardens,Port Christinaborough,MD,70685,B2C,1000.0,Due on Receipt,2024-01-31
CUST-00241,,Kristine,Murphy,sotojoshua@example.org,997.431.7912x86857,587 Wells Prairie Suite 903,East Shannon,IL,31222,B2C,1000.0,Due on Receipt,2024-04-19
CUST-00242,Torres Group,Ashley,Walls,jonathan12@example.org,978-853-9078x9567,7546 Hayden Fort Suite 151,Meganhaven,IL,72151,B2B,17874.99,Net 30,2024-10-28
CUST-00243,Hartman and Sons,Corey,Jones,paynematthew@example.net,844-243-9284x04456,826 Jeremy Summit Apt. 738,Sharpmouth,FL,45151,B2B,17294.75,Net 60,2025-02-21
CUST-00244,,Christopher,Singleton,scarrillo@example.com,677.280.5292,553 Simmons Terrace Suite 845,New Kristenberg,AK,20645,B2C,1000.0,Due on Receipt,2024-02-28
CUST-00245,"Soto, Morrison and Franklin",Michelle,Baird,stacybrown@example.com,371.459.7412,970 James Lights,Jamieport,WA,86952,B2B,20256.65,Net 30,2024-07-28
CUST-00246,,Chad,Brown,jacksonmichele@example.com,(821)928-6716x3234,949 Wayne Spur,Hilltown,IN,19203,B2C,1000.0,Due on Receipt,2024-05-28
CUST-00247,,Caleb,Ross,aliciakent@example.com,879.501.4754x692,676 Holly Court,Haleton,KY,31918,B2C,1000.0,Due on Receipt,2025-05-04
CUST-00248,,Monica,Hill,elizabeth13@example.com,(281)951-1856x72438,76563 Johnson Glen,Lake Sallymouth,CA,88357,B2C,1000.0,Due on Receipt,2025-01-18
CUST-00249,Washington-Jones,Amy,Allen,rtaylor@example.org,(409)312-4186,427 Thompson Station,Lake Amandamouth,CA,91824,B2B,24377.32,Net 30,2023-07-24
CUST-00250,,Mary,Cain,myerskyle@example.org,+1-200-263-3533x106,13122 Robert Coves Suite 583,New Randall,TX,56584,B2C,1000.0,Due on Receipt,2023-09-18
CUST-00251,,Jesse,Rodriguez,glenn65@example.org,(937)331-4950x1364,1956 Martin Roads,Tiffanyfort,TX,09350,B2C,1000.0,Due on Receipt,2024-03-03
CUST-00252,,Andres,Barr,oreyes@example.net,589.803.0914,102 Jimenez Flats,South James,WA,05469,B2C,1000.0,Due on Receipt,2023-12-18
CUST-00253,,Sandra,George,vstevenson@example.org,250-586-4035x533,685 Scott Avenue,Port Travisborough,TN,07330,B2C,1000.0,Due on Receipt,2024-10-21
CUST-00254,,Victoria,Mays,christopherwatkins@example.org,881.467.4233,4973 Huffman Orchard,West Raymondburgh,RI,62198,B2C,1000.0,Due on Receipt,2024-05-24
CUST-00255,,Roberto,Lynch,ywolf@example.com,4666149828,4746 Jones Dale Suite 323,North Michellestad,DE,64916,B2C,1000.0,Due on Receipt,2024-04-26
CUST-00256,,Sara,Bentley,patrick49@example.org,(801)869-2364x58750,70502 Jacobs Springs,West John,PA,76305,B2C,1000.0,Due on Receipt,2024-11-12
CUST-00257,,Mckenzie,Smith,newmansabrina@example.com,001-891-683-6264x488,119 Olsen Grove Apt. 640,Port Travis,CO,13198,B2C,1000.0,Due on Receipt,2023-08-10
CUST-00258,,Kim,Butler,upena@example.com,(325)922-3728,30234 Alexander Road,Port Danaland,GA,38921,B2C,1000.0,Due on Receipt,2023-08-22
CUST-00259,,Nicholas,Hill,anthony37@example.com,+1-610-904-0901x3806,9655 Key Viaduct Apt. 566,West Morganville,NY,00905,B2C,1000.0,Due on Receipt,2024-06-05
CUST-00260,,Monica,Morales,anthonymartinez@example.net,735-279-7863x050,739 Ross Ridge Apt. 567,Lake Paulborough,KS,93816,B2C,1000.0,Due on Receipt,2023-10-06
CUST-00261,"Walter, Glover and Moran",Anthony,Jimenez,turneremily@example.net,827.217.8333x211,6434 Lynn Skyway,Lake Derekside,OR,83541,B2B,12199.4,Net 30,2024-12-31
CUST-00262,,Travis,Pope,monica99@example.org,+1-356-768-6334x1411,195 Melissa Light,West Bryanside,NV,25386,B2C,1000.0,Due on Receipt,2025-04-04
CUST-00263,,Paul,Henderson,lauren28@example.net,+1-993-916-0875x243,420 Parker Spurs,West Wendyshire,CT,63190,B2C,1000.0,Due on Receipt,2024-10-19
CUST-00264,,Maria,Simpson,zbrown@example.com,(233)802-7642,7566 Allison Haven Suite 386,East Marcusshire,NC,07595,B2C,1000.0,Due on Receipt,2025-04-07
CUST-00265,,Sarah,Torres,barbararamos@example.com,223-333-0591x2662,2018 Watkins Drive Suite 301,South Tracy,NC,90676,B2C,1000.0,Due on Receipt,2024-09-22
CUST-00266,,Stephanie,Delgado,yparsons@example.net,+1-517-264-7501x1117,1926 Cooke Squares Suite 492,West Bryanside,WA,24734,B2C,1000.0,Due on Receipt,2024-04-26
CUST-00267,"Smith, Hawkins and Herrera",Lisa,Freeman,molinajared@example.net,229-420-8751,218 York Bypass,North Williamstad,IL,71860,B2B,32229.27,Due on Receipt,2023-10-28
CUST-00268,,Rodney,Landry,wrightbrandon@example.net,387-229-7585x9883,32432 Brittany Harbors,Lake Cindy,GA,10247,B2C,1000.0,Due on Receipt,2024-08-17
CUST-00269,,Jonathan,James,ricardomiller@example.com,+1-462-783-1435x9892,0931 Martinez Creek Suite 151,Reginaview,WV,19680,B2C,1000.0,Due on Receipt,2025-04-21
CUST-00270,,Lauren,Hill,bennetttanya@example.com,712-684-9718,102 Potts Loaf Apt. 588,Woodsberg,GA,34456,B2C,1000.0,Due on Receipt,2023-06-24
CUST-00271,,Gloria,Reeves,douglasbradley@example.com,9536967275,8341 Russell Island Apt. 113,East Barbaraland,AL,97941,B2C,1000.0,Due on Receipt,2024-01-25
CUST-00272,,Angela,Vasquez,haydenroger@example.net,001-727-578-8160x930,728 Gregory Lakes,New Michael,PA,07173,B2C,1000.0,Due on Receipt,2024-05-10
CUST-00273,,Tyler,Jackson,morganerika@example.net,001-214-947-4430x963,50975 Gomez Avenue Suite 265,North Ryanborough,IL,11608,B2C,1000.0,Due on Receipt,2024-07-31
CUST-00274,,Willie,Hernandez,gentryadam@example.net,937-965-4562x841,56053 Jake Canyon,South Robert,NY,43913,B2C,1000.0,Due on Receipt,2025-05-16
CUST-00275,,Anthony,Wade,rmoyer@example.org,(478)772-5686x21102,305 Bray Street,South Timothyport,WA,64192,B2C,1000.0,Due on Receipt,2023-08-20
CUST-00276,Wright-Hernandez,William,Wright,linvirginia@example.org,+1-863-271-8923x9231,26093 Michelle Light Suite 843,West Ronald,PA,08542,B2B,16779.95,Net 60,2024-07-17
CUST-00277,Schneider-Torres,Joseph,Ramirez,jennifer35@example.org,(300)805-3474,7554 Collin Bridge,West Michael,GA,47868,B2B,49836.43,Net 60,2025-01-14
CUST-00278,,Kimberly,Rice,john43@example.net,(711)629-1093x3711,82023 Pierce Glen Suite 571,Joneschester,IL,69151,B2C,1000.0,Due on Receipt,2025-06-09
CUST-00279,,Stephanie,Gibbs,carolhorton@example.org,809-803-6788x1278,432 Ernest Forge Apt. 878,Kevinbury,GA,39345,B2C,1000.0,Due on Receipt,2024-12-18
CUST-00280,Arnold-Jackson,Brandon,Allen,bowmansheri@example.com,(740)733-8105,842 Villanueva Hill,Tracietown,DE,47094,B2B,12769.54,Due on Receipt,2023-12-04
CUST-00281,,Jessica,Ramirez,teresa89@example.org,001-464-998-3735x439,652 Davis Falls,Lopezburgh,TX,25255,B2C,1000.0,Due on Receipt,2024-09-01
CUST-00282,Harding-White,Julian,Collins,lisamcdaniel@example.org,421-263-7618,6010 David Trail,West Douglastown,CA,01732,B2B,35052.79,Due on Receipt,2025-02-20
CUST-00283,,Daniel,Fitzgerald,melissa13@example.org,397.224.5723x0848,84186 Aaron Fork,East Ronaldberg,MD,46810,B2C,1000.0,Due on Receipt,2024-11-07
CUST-00284,,Justin,Dorsey,tmcdaniel@example.org,221.431.4519x5151,8592 Hernandez Shores,Colleenport,NC,46164,B2C,1000.0,Due on Receipt,2025-04-26
CUST-00285,Nelson Group,Dorothy,Cantu,mccormickmichelle@example.org,001-725-426-7711x964,5576 Steele Loop,Devonbury,TN,50725,B2B,36930.37,Due on Receipt,2024-05-07
CUST-00286,,Andrea,Ryan,opatel@example.com,296-589-3135,8721 Rhonda Lake,West Steven,OH,72787,B2C,1000.0,Due on Receipt,2025-06-09
CUST-00287,,Robin,Sanchez,briantaylor@example.net,001-426-206-5019x179,2131 Ashley Via,Hernandezburgh,PA,62074,B2C,1000.0,Due on Receipt,2025-01-14
CUST-00288,Adkins Ltd,Stacy,Harrison,scott04@example.org,(800)992-8206,843 Huynh Groves Apt. 862,South Christine,GA,29193,B2B,15653.13,Net 60,2024-04-16
CUST-00289,,Isaiah,Reese,velasqueztaylor@example.com,+1-766-220-5634x1115,2811 Carla Throughway,Jacobborough,MA,84175,B2C,1000.0,Due on Receipt,2025-06-07
CUST-00290,,Antonio,Adams,elliottkristy@example.org,5517405468,521 Russell Streets Apt. 820,Woodston,GA,38527,B2C,1000.0,Due on Receipt,2023-10-20
CUST-00291,Fleming Inc,Nicole,Davis,nicoleaguirre@example.net,(728)689-8572,606 Jason Ridge Apt. 297,Port Alexisport,MA,72215,B2B,10839.71,Net 30,2025-04-20
CUST-00292,,Tanya,Harrington,portershawn@example.org,621-949-5511x2747,97054 Ortiz River,South Michael,AL,82372,B2C,1000.0,Due on Receipt,2024-02-15
CUST-00293,Miller-Gutierrez,Shannon,Rich,oliverdawn@example.net,880.321.4629,7157 Day Viaduct,Rodriguezburgh,TX,96416,B2B,26539.93,Net 60,2023-09-09
CUST-00294,Tate-Gonzalez,Mark,Stewart,vlewis@example.com,747-208-2723,56730 Miranda Trace Suite 442,East Chadfurt,MS,11210,B2B,8318.78,Net 60,2024-02-03
CUST-00295,,Morgan,Hayes,qwarren@example.com,(801)965-4235,265 Morrow Points Apt. 199,West Elizabeth,DE,96754,B2C,1000.0,Due on Receipt,2025-01-13
CUST-00296,,Marcia,Quinn,hernandezstephen@example.org,551.564.8072x7910,829 Robinson Fords Apt. 905,Allenport,KY,66310,B2C,1000.0,Due on Receipt,2025-03-14
CUST-00297,,Mindy,Lyons,wgutierrez@example.com,+1-468-451-2765,4649 Wanda Valley Apt. 109,Garciaside,WY,13569,B2C,1000.0,Due on Receipt,2024-10-21
CUST-00298,,Sean,Perkins,contrerasmelissa@example.org,978.861.3715,53844 Parker Underpass Suite 306,North Anthonystad,MT,68522,B2C,1000.0,Due on Receipt,2025-03-14
CUST-00299,,Joyce,Stewart,susanhaney@example.org,+1-863-496-0962,8263 Jennifer Crossroad Apt. 964,West James,OH,12725,B2C,1000.0,Due on Receipt,2023-07-06
CUST-00300,,Samuel,Fuller,anthonyzimmerman@example.org,001-660-527-5233,640 Miller Divide,Lake Traciville,GA,15041,B2C,1000.0,Due on Receipt,2024-06-07
CUST-00301,"Martinez, Thomas and Green",Henry,Jones,roberta36@example.org,606.217.1366x5722,990 Theresa Key,Cooleyside,KY,01158,B2B,11885.7,Net 30,2023-10-18
CUST-00302,,Aimee,Scott,leeanthony@example.org,682.935.1305x23124,58477 Hunt Locks,West Gerald,SD,90554,B2C,1000.0,Due on Receipt,2025-04-04
CUST-00303,,Paige,Campbell,ygarcia@example.net,823-876-7694x5919,551 Jackson Bypass,Brendaport,KY,79653,B2C,1000.0,Due on Receipt,2025-03-20
CUST-00304,"Clements, Moreno and Sanders",Danny,Lamb,wgibbs@example.org,235-752-5105,9538 Paul Rapids,New Jeff,CA,74026,B2B,16277.24,Due on Receipt,2024-01-18
CUST-00305,"Franklin, Ware and Heath",Charles,Stafford,bfleming@example.com,733-807-7046x11729,040 Rhonda Haven,Port Tammy,PA,05351,B2B,10632.66,Net 60,2025-05-12
CUST-00306,,Amanda,Rose,deanna17@example.org,(944)955-6185x79064,9103 Margaret Dam,West Michellechester,TX,30168,B2C,1000.0,Due on Receipt,2023-10-27
CUST-00307,,Christopher,Ramsey,lisa80@example.net,8406104145,97125 Karen Vista,Walshville,TX,68889,B2C,1000.0,Due on Receipt,2024-07-30
CUST-00308,,John,Woods,ubray@example.net,231.544.1583x3117,376 Tony Junctions,Port Brittany,MO,69660,B2C,1000.0,Due on Receipt,2024-07-20
CUST-00309,,Michele,Hodges,jeanette28@example.org,(535)367-9836,2491 Steven Coves Apt. 307,West Anthony,OH,87255,B2C,1000.0,Due on Receipt,2024-08-02
CUST-00310,,Shawn,Baker,gomezjason@example.com,568.850.7451x06634,489 Stone Coves,Lake Johnville,NV,29281,B2C,1000.0,Due on Receipt,2023-09-14
CUST-00311,,Brian,Johnson,john81@example.com,596.466.1347,4940 Jackson Squares,Stevensonbury,MN,22813,B2C,1000.0,Due on Receipt,2024-02-16
CUST-00312,,Erin,Jackson,rachel20@example.net,265.902.4120x9579,1009 Conley Pine,Port Dwayne,NY,12809,B2C,1000.0,Due on Receipt,2023-09-02
CUST-00313,,Kevin,Fitzgerald,whenry@example.net,374-657-0545x897,63257 John Streets,Howardland,NC,25908,B2C,1000.0,Due on Receipt,2025-06-01
CUST-00314,Fowler-Sheppard,Natalie,Shelton,harcher@example.org,755-369-6443x098,9541 Victor Spur Apt. 728,Cindyburgh,NY,40300,B2B,34300.85,Due on Receipt,2024-06-29
CUST-00315,,Keith,Marsh,chavezjeff@example.net,607-440-6500,8821 Thomas Street Apt. 691,Jefferyfort,NY,46983,B2C,1000.0,Due on Receipt,2023-12-27
CUST-00316,,Lisa,Walsh,gross@example.com,594-629-6592x3426,49782 Patton Village Suite 128,Bensonhaven,NM,90306,B2C,1000.0,Due on Receipt,2024-12-21
CUST-00317,,Michael,Gomez,afisher@example.com,7804612943,62607 Combs Corner Apt. 415,Port Kellyfort,NC,91018,B2C,1000.0,Due on Receipt,2024-02-29
CUST-00318,Martinez PLC,Emily,Stevenson,mileszachary@example.net,001-272-432-4407x931,133 Thomas Village,Myersville,ID,39812,B2B,16019.51,Due on Receipt,2024-04-26
CUST-00319,,Timothy,White,meaganpayne@example.net,+1-979-916-2022x3288,1975 Myers Square Apt. 766,North Justin,FL,16246,B2C,1000.0,Due on Receipt,2024-08-28
CUST-00320,,Pedro,Carpenter,brewerpatricia@example.net,505.727.7402x588,122 Rios Port Suite 724,Sandraland,GA,85060,B2C,1000.0,Due on Receipt,2024-06-26
CUST-00321,,Nicholas,Ruiz,barbarapennington@example.net,542.359.9599x61002,7533 Rachel Extensions,Camposchester,AR,08938,B2C,1000.0,Due on Receipt,2023-08-04
CUST-00322,,Cheryl,Wilson,alexandernicholas@example.net,5255176298,7433 Ryan Pines Apt. 190,East Arthurberg,OH,01187,B2C,1000.0,Due on Receipt,2024-03-22
CUST-00323,,Kim,Carroll,petersonfaith@example.net,+1-387-933-9785x5982,619 David Path Suite 117,North Carolyn,NC,43875,B2C,1000.0,Due on Receipt,2023-07-04
CUST-00324,,Jeffrey,Shepard,peter51@example.org,318-993-8984x6908,005 Green Isle Apt. 238,Sandraton,TN,31383,B2C,1000.0,Due on Receipt,2024-07-04
CUST-00325,,Charles,Gould,reedchad@example.com,+1-591-787-2401x078,4300 Kim Valleys Apt. 896,New Timothyfurt,IL,49945,B2C,1000.0,Due on Receipt,2024-12-08
CUST-00326,Jordan Group,Andrea,Wilson,princetoni@example.com,(235)260-3319x036,10272 Williams Keys,West David,OH,52643,B2B,39229.92,Due on Receipt,2024-06-22
CUST-00327,,Diane,Douglas,wrightamy@example.com,001-353-274-5843x845,9741 Rhonda Ville Apt. 483,West Jennyberg,CA,05202,B2C,1000.0,Due on Receipt,2023-12-16
CUST-00328,,Holly,Santos,bbenton@example.com,8449964104,6703 Nicolas Shoals,Patelport,PA,04604,B2C,1000.0,Due on Receipt,2024-08-10
CUST-00329,,Kathryn,Pineda,sandra49@example.org,001-605-496-6018x648,3204 Miller Gateway Suite 596,New Joshuaview,TX,86907,B2C,1000.0,Due on Receipt,2023-12-28
CUST-00330,,Kimberly,Patrick,martinezashley@example.com,527-870-7070x578,149 Ashley Mill,West Katie,OH,36695,B2C,1000.0,Due on Receipt,2024-01-04
CUST-00331,,Misty,Martinez,dylanwilliamson@example.org,510.228.7950,0580 Michael Club Suite 181,East Mark,WA,49175,B2C,1000.0,Due on Receipt,2025-03-22
CUST-00332,"Perry, May and Liu",Douglas,Nguyen,matthew65@example.com,790-725-0429x0193,9026 Stephanie Fork,Ryanville,AR,69675,B2B,16172.16,Net 30,2025-02-25
CUST-00333,Lawson Ltd,Alice,Alexander,james94@example.org,335-737-5137x65158,376 Ashley Views Apt. 836,New Jorge,MS,38103,B2B,37450.78,Net 30,2024-03-08
CUST-00334,Wilson-Ortiz,William,Hernandez,xchen@example.org,(370)421-6487,0212 Strong Knoll,South Heidi,IN,32146,B2B,49818.62,Net 60,2024-12-21
CUST-00335,,Kelly,Rogers,brittany91@example.net,4154767647,09957 Flores Fall,Shirleyville,WA,30944,B2C,1000.0,Due on Receipt,2024-02-02
CUST-00336,,Trevor,Williams,ymitchell@example.com,001-422-303-6849x951,7732 Crosby Green Apt. 342,East Andreahaven,TX,99442,B2C,1000.0,Due on Receipt,2023-10-26
CUST-00337,George Inc,Susan,Fernandez,adamwall@example.org,(934)896-7827x411,1241 Lara Summit Apt. 152,Joshuahaven,IA,88592,B2B,25575.38,Net 30,2025-02-09
CUST-00338,,Charles,Watts,hamiltonsarah@example.net,938-400-3296x33472,2318 Aaron Cliff Suite 893,North Robert,PA,34982,B2C,1000.0,Due on Receipt,2024-10-05
CUST-00339,,Omar,Silva,todd24@example.org,877-969-5874x1314,61275 Michael Locks Apt. 779,Mcdanieltown,OH,38633,B2C,1000.0,Due on Receipt,2024-01-11
CUST-00340,,William,Wu,xbrown@example.com,756-267-6640x473,6392 Kimberly Creek Suite 298,Lake Andrewfurt,ND,12330,B2C,1000.0,Due on Receipt,2025-02-12
CUST-00341,,Janet,Barr,penaapril@example.com,+1-732-886-3425,300 Kari Pine,New Raymondfort,OH,06043,B2C,1000.0,Due on Receipt,2023-10-16
CUST-00342,,Justin,Johnson,arthurbrady@example.com,+1-462-341-1186x0089,94568 Kevin Mount Apt. 149,Bennettchester,NY,12698,B2C,1000.0,Due on Receipt,2023-12-06
CUST-00343,,Tammy,Hoffman,smitchell@example.net,536.907.6581x73906,9145 Lisa Corner Apt. 823,Watkinsland,NY,19025,B2C,1000.0,Due on Receipt,2024-04-25
CUST-00344,"Massey, Mills and Franco",Kathleen,Brown,tking@example.net,720-559-9604x38787,7881 Ronald Club Suite 202,East Jamesville,WV,05620,B2B,23146.43,Net 30,2025-05-04
CUST-00345,,Roger,Jackson,jtaylor@example.com,(404)616-4485x9592,589 Kennedy Fords,Saraberg,MN,22028,B2C,1000.0,Due on Receipt,2024-07-28
CUST-00346,,Jennifer,Wells,robert27@example.org,2439318751,58350 Joshua View,Silvaport,OH,48640,B2C,1000.0,Due on Receipt,2024-10-14
CUST-00347,,Katie,Villa,chrishernandez@example.net,842.749.1289,973 Aaron Fort Apt. 192,East Thomas,WA,00533,B2C,1000.0,Due on Receipt,2024-02-23
CUST-00348,,Christian,Booker,williamgonzales@example.net,754.381.3866x6754,42687 Neal Glen,New Rachelstad,DE,23833,B2C,1000.0,Due on Receipt,2023-07-06
CUST-00349,Wyatt-Townsend,Michael,Coleman,patrickwhite@example.net,7373583094,8094 Deborah Row Suite 604,Colleenshire,PA,04489,B2B,42139.01,Due on Receipt,2025-04-17
CUST-00350,,Jennifer,Ruiz,ehenry@example.net,+1-281-905-0922x2161,1843 Marvin Spring,Rachaelburgh,PA,77420,B2C,1000.0,Due on Receipt,2024-12-28
CUST-00351,,Sheryl,Black,qbutler@example.net,2136824127,862 Larry Points,Davidmouth,FL,74972,B2C,1000.0,Due on Receipt,2025-03-27
CUST-00352,,Heather,Knight,fdavis@example.org,001-612-559-0203x571,0642 Taylor Island,Perezborough,NY,36257,B2C,1000.0,Due on Receipt,2025-05-03
CUST-00353,,James,Krause,heidi41@example.com,(595)858-7209x628,435 Davis Trail Apt. 437,Anthonyville,OH,68269,B2C,1000.0,Due on Receipt,2024-11-09
CUST-00354,"Lopez, Taylor and Willis",Nathan,Gray,morrisdaniel@example.com,6264755125,207 Watkins Square Suite 673,Jennifermouth,PA,63750,B2B,32110.83,Net 60,2024-11-25
CUST-00355,,Richard,Williams,kathrynsantana@example.net,466-649-6902,225 Tara Inlet,Port Michael,PA,52404,B2C,1000.0,Due on Receipt,2023-10-23
CUST-00356,,Steven,Hopkins,nicoleturner@example.org,(233)961-3285,1786 Roberta Skyway,Guerrabury,TN,13060,B2C,1000.0,Due on Receipt,2024-04-13
CUST-00357,,David,Hines,ricardomurphy@example.com,+1-769-768-1579x0392,099 Melendez Rue Apt. 273,East Kevinland,HI,45011,B2C,1000.0,Due on Receipt,2024-04-10
CUST-00358,,Destiny,Simmons,larry70@example.com,(422)868-1715x16025,76604 Green Roads Apt. 978,Kimberlymouth,WA,70627,B2C,1000.0,Due on Receipt,2024-03-26
CUST-00359,,Daniel,White,yschmidt@example.net,920-859-4389,4017 Richardson Rapid,Johnnymouth,KS,88974,B2C,1000.0,Due on Receipt,2024-02-02
CUST-00360,,Katie,Johnson,guy56@example.org,354.309.1508x632,276 Reed Mount,Port Rebecca,NH,96535,B2C,1000.0,Due on Receipt,2025-03-15
CUST-00361,,Alexandra,Ellis,nguyenbenjamin@example.net,001-816-381-5466x024,449 Heather Causeway,Ashleyborough,AL,57772,B2C,1000.0,Due on Receipt,2024-01-16
CUST-00362,"Barker, Lopez and Mason",Brandon,Ross,erikanelson@example.com,306.524.4795,53194 Matthews Roads,Amberfort,VT,73594,B2B,42917.09,Due on Receipt,2023-06-26
CUST-00363,,Matthew,Flores,vhernandez@example.com,982.764.6091,85445 Craig Burgs,New Brenda,KS,82324,B2C,1000.0,Due on Receipt,2024-03-16
CUST-00364,,Annette,Perry,potterjustin@example.net,636.482.6911x6331,686 Potter Manor,Luisstad,SD,83112,B2C,1000.0,Due on Receipt,2023-09-07
CUST-00365,,Elizabeth,Mcdaniel,wayne86@example.org,(477)347-2264x0857,666 Dana River Apt. 299,New Ashleychester,HI,03493,B2C,1000.0,Due on Receipt,2024-02-24
CUST-00366,"Wright, Hudson and Kennedy",Christopher,Wood,marnold@example.org,953.927.3524x103,973 Teresa Parkway,Port Cassandramouth,GA,21376,B2B,19905.78,Net 30,2023-12-24
CUST-00367,Bowen-Jones,Kaitlyn,Fleming,ecamacho@example.com,964-281-9807,0568 Patterson Crossing Apt. 249,Lake Garychester,MO,86554,B2B,18845.5,Due on Receipt,2024-03-06
CUST-00368,Durham Group,Jason,Davis,ellisjenna@example.org,001-645-247-5749x490,9544 Ashley Inlet,Marquezport,NM,20743,B2B,6199.12,Net 60,2025-01-14
CUST-00369,,Linda,Anderson,michele43@example.org,894.929.0458,2985 Gray Oval,Port Alicia,ND,23489,B2C,1000.0,Due on Receipt,2024-06-26
CUST-00370,Smith-Arroyo,Matthew,Parker,edwardfranklin@example.net,535-777-9083,1581 Tran Place,Port Brianshire,WY,69044,B2B,31031.34,Net 30,2023-12-26
CUST-00371,Scott Ltd,Ian,Mayer,jeremylove@example.org,6942841312,39977 Amanda Tunnel,West Kristyland,MO,26246,B2B,26620.2,Due on Receipt,2024-06-22
CUST-00372,,Darren,Miller,corylawrence@example.net,649.809.6173x9970,2587 Bean Hills Suite 835,Ericahaven,NJ,40976,B2C,1000.0,Due on Receipt,2024-10-15
CUST-00373,Rodriguez-Sherman,Ian,Smith,lsimpson@example.org,001-664-717-5823x133,49392 Moore Trafficway Suite 229,West Sue,NC,62599,B2B,11649.91,Due on Receipt,2024-11-05
CUST-00374,,Caitlin,Butler,jeremy47@example.com,(224)855-5746x966,5274 Lori Flats,Lake Jennifer,MS,39140,B2C,1000.0,Due on Receipt,2025-03-24
CUST-00375,Johnson-Simmons,Patrick,Grant,laurenwilliamson@example.com,511-632-5797x067,10548 Kim Haven Apt. 721,Tiffanychester,IL,20394,B2B,13585.29,Net 60,2025-04-25
CUST-00376,,Edward,Evans,annagonzales@example.com,001-784-788-4021,325 Perez Lake Suite 344,East Davidchester,WA,56512,B2C,1000.0,Due on Receipt,2024-04-19
CUST-00377,,Linda,Yates,durhamwilliam@example.org,001-760-385-8749,181 Lauren Vista,New Sandraborough,OH,99055,B2C,1000.0,Due on Receipt,2023-08-12
CUST-00378,,Katie,Jordan,steven25@example.org,(695)278-6069,03562 Foley Prairie Suite 873,Patriciashire,WY,20503,B2C,1000.0,Due on Receipt,2023-11-10
CUST-00379,,Kendra,Harris,craigferguson@example.org,001-528-551-5533x342,27160 Dillon Walk Apt. 607,Rossborough,HI,50374,B2C,1000.0,Due on Receipt,2024-09-17
CUST-00380,Davis and Sons,William,Lane,martinjason@example.com,001-395-956-3318x574,66615 Bautista Villages,South Sonyaport,VT,30563,B2B,37733.09,Due on Receipt,2024-12-12
CUST-00381,,Christopher,Schneider,bliu@example.com,001-250-223-2902x822,459 Morrow Manor,East Sharon,OH,20342,B2C,1000.0,Due on Receipt,2025-01-13
CUST-00382,,Lisa,Barnett,natasha12@example.org,234.465.4950x0507,86982 Craig Keys Apt. 161,South Stevenchester,OH,70850,B2C,1000.0,Due on Receipt,2024-05-24
CUST-00383,,Dennis,Morrison,collinsterrance@example.com,(558)459-1779,223 Julia Stravenue,Campbellville,NC,33240,B2C,1000.0,Due on Receipt,2023-12-09
CUST-00384,,John,Blair,mark79@example.net,294.425.6529x06032,26509 Webb Key,Lake Molly,FL,76155,B2C,1000.0,Due on Receipt,2024-04-27
CUST-00385,,Shannon,Lewis,amy14@example.net,001-385-752-4578x715,082 Jeremy Mount Apt. 184,Port Michael,ME,59819,B2C,1000.0,Due on Receipt,2024-05-20
CUST-00386,,Angela,Ayers,raymondpugh@example.net,223.703.5892,825 Craig Expressway,Port Sarah,PA,94359,B2C,1000.0,Due on Receipt,2023-10-13
CUST-00387,,Amber,Friedman,rgarrison@example.org,(646)586-7752x4014,62272 Peter Estate,Myersborough,TX,33081,B2C,1000.0,Due on Receipt,2025-03-26
CUST-00388,,Michael,Perez,donald61@example.net,001-392-937-2450x184,741 Hernandez Throughway,Nancyton,RI,50505,B2C,1000.0,Due on Receipt,2025-03-28
CUST-00389,,Patricia,Rodriguez,ksimmons@example.net,001-874-838-1199x537,144 Bowman Isle,Estradaview,ID,47249,B2C,1000.0,Due on Receipt,2023-08-20
CUST-00390,,Alexander,Marquez,fsanchez@example.org,001-864-217-8996,191 Tammy Garden,Bettychester,TX,52109,B2C,1000.0,Due on Receipt,2024-12-25
CUST-00391,,Julie,Reed,kphelps@example.net,3666039205,74555 Joshua Tunnel Apt. 574,East Angela,NC,72233,B2C,1000.0,Due on Receipt,2024-11-01
CUST-00392,,Marc,Morales,kimberly27@example.org,859-583-5411x65972,755 Huang Throughway Apt. 250,East Bonniehaven,NC,92281,B2C,1000.0,Due on Receipt,2024-10-27
CUST-00393,"Phillips, Castro and Thompson",Christine,Jones,daviscarly@example.net,(342)758-5626x1499,0382 Johnson Fork,East Nancy,SD,58219,B2B,14327.5,Due on Receipt,2024-11-01
CUST-00394,,Lisa,Thomas,john09@example.com,868.689.3628x969,6553 Fernandez Club Apt. 538,North Tina,ID,67013,B2C,1000.0,Due on Receipt,2024-12-18
CUST-00395,,Thomas,Edwards,jenniferrobbins@example.net,+1-937-849-0797,08780 Woods Squares,North Evelyn,TX,09074,B2C,1000.0,Due on Receipt,2024-12-26
CUST-00396,,Joshua,King,reevestravis@example.net,001-726-237-4845x398,591 Christina Pines,Crossborough,PA,33111,B2C,1000.0,Due on Receipt,2024-09-26
CUST-00397,,Kim,Mayo,anthonymcfarland@example.net,951-416-9666,14526 Porter Ferry Suite 633,Valerieland,MD,45028,B2C,1000.0,Due on Receipt,2024-06-01
CUST-00398,,Karen,Warren,suarezbruce@example.net,8516208005,951 Jacob River,Whiteborough,AL,45753,B2C,1000.0,Due on Receipt,2023-08-31
CUST-00399,"Gaines, Greene and Berry",Patricia,Mccarthy,williamolsen@example.com,4904814415,3929 Pace Shoals,Bowersville,WI,88149,B2B,41207.71,Net 60,2024-08-20
CUST-00400,,Cameron,Sanchez,johnroth@example.org,(805)507-9181x5899,2734 Powell Lane Apt. 707,West Annafurt,TN,40595,B2C,1000.0,Due on Receipt,2024-07-07
CUST-00401,,Victoria,Townsend,rosebobby@example.org,799-282-5080x0463,882 Maldonado Cape Apt. 172,Lake Luke,CT,94090,B2C,1000.0,Due on Receipt,2023-11-22
CUST-00402,,Tyler,Duncan,williamspatrick@example.net,840-235-2635,93946 Harris Wells,Roberttown,VA,55012,B2C,1000.0,Due on Receipt,2025-03-17
CUST-00403,,Robert,Ramirez,lisafreeman@example.net,4609723111,85246 Herrera Haven,Danielville,PA,52262,B2C,1000.0,Due on Receipt,2025-03-17
CUST-00404,Clements PLC,Meghan,Gonzalez,harrisondaniel@example.org,9624113695,083 Jenny Cape Apt. 254,West Steven,IL,84929,B2B,46986.08,Due on Receipt,2023-07-30
CUST-00405,,Peter,Hernandez,william32@example.net,657.407.1398,501 Robert Place,New Jennifermouth,NY,49046,B2C,1000.0,Due on Receipt,2023-07-16
CUST-00406,,Douglas,Garcia,adamsmith@example.org,(891)930-9810x7964,794 Baird Roads,Mendozaberg,MT,60036,B2C,1000.0,Due on Receipt,2024-08-06
CUST-00407,,Natasha,Walker,dana26@example.com,(550)864-2076,536 Stephenson Mount,Wallacefurt,OH,61255,B2C,1000.0,Due on Receipt,2024-03-25
CUST-00408,,Matthew,Ortega,jenniferharris@example.org,001-839-439-5786x543,87496 James Junction Apt. 686,South Andrew,LA,27561,B2C,1000.0,Due on Receipt,2024-04-11
CUST-00409,,Ashley,Jackson,danielleandrews@example.org,(265)373-2759,00051 Huynh Knolls,Lake Edward,WA,28420,B2C,1000.0,Due on Receipt,2024-02-10
CUST-00410,,Mary,Cox,brandy77@example.com,001-824-441-8222x618,431 Regina Court Apt. 267,Woodstown,AZ,77332,B2C,1000.0,Due on Receipt,2024-12-02
CUST-00411,,Vanessa,Cox,lrichards@example.com,4796551512,13541 Morrison Union Suite 099,Freystad,HI,33624,B2C,1000.0,Due on Receipt,2023-11-13
CUST-00412,,William,Hendrix,burnsrebecca@example.org,+1-234-447-6504x7158,904 Gonzalez Mountains,Priceview,WI,91839,B2C,1000.0,Due on Receipt,2024-04-03
CUST-00413,,Matthew,Pratt,vrussell@example.org,(348)237-4417x158,31251 Ashley Freeway,Port Charlestown,MA,97035,B2C,1000.0,Due on Receipt,2025-03-04
CUST-00414,Berg-Williamson,Eric,Sims,vwelch@example.net,391-202-3121,330 Paul Road Apt. 737,South Keith,CA,89126,B2B,23310.84,Net 60,2024-09-18
CUST-00415,,Michelle,Brown,williammiller@example.org,828-693-1132x532,436 Summers Street Apt. 804,Karenland,PA,08577,B2C,1000.0,Due on Receipt,2023-08-04
CUST-00416,Cooper-Quinn,Christine,Roth,craigrachel@example.com,7159959194,757 Hines Island Apt. 392,Lake Michaelmouth,OH,61009,B2B,19452.55,Due on Receipt,2024-02-23
CUST-00417,,Sandra,Mathis,dford@example.com,(826)760-2562,2292 Cody Lock,Hernandezmouth,WI,26421,B2C,1000.0,Due on Receipt,2023-07-03
CUST-00418,,Tyler,Moore,jeremy79@example.net,466.527.0511x5794,67042 Mccoy Spur Suite 919,New Julian,MS,95496,B2C,1000.0,Due on Receipt,2024-04-01
CUST-00419,,Lindsay,Shields,annette71@example.org,756.533.5357x485,9399 Lisa Gateway,Elliotttown,VT,41586,B2C,1000.0,Due on Receipt,2024-07-17
CUST-00420,Cruz and Sons,Cindy,Miller,uford@example.com,576-534-2507,5978 Kristen Island,Gallowayside,IL,26723,B2B,46095.34,Net 30,2025-03-18
CUST-00421,,Lisa,Lopez,phillipsbruce@example.org,884.336.6044x32400,2768 Brittney Trace Suite 147,Jamesmouth,FL,37825,B2C,1000.0,Due on Receipt,2023-10-21
CUST-00422,"Anderson, Blanchard and Martinez",Mindy,Tran,donald68@example.org,+1-265-462-5904x5990,12218 Shelby Freeway Apt. 555,South Matthewland,IL,65048,B2B,49872.73,Net 60,2024-04-23
CUST-00423,"Brown, Butler and Clarke",Heather,Kelley,olsenshane@example.org,001-443-430-8003x700,6608 Vasquez Skyway Suite 810,New Barry,NY,30582,B2B,47147.39,Net 60,2024-09-11
CUST-00424,Smith-Miles,Bonnie,Richardson,randyhernandez@example.org,+1-594-748-5862x3945,1470 Morrison Run Suite 321,South Lindaborough,TX,26734,B2B,18427.65,Due on Receipt,2025-01-27
CUST-00425,,Ashley,Burgess,oliviameyers@example.com,703.594.3804x032,657 Guzman Expressway Suite 789,Laurabury,FL,10681,B2C,1000.0,Due on Receipt,2024-10-07
CUST-00426,,Daniel,Smith,harveymercedes@example.com,5475692105,514 Valdez Hills Apt. 142,Stephenborough,NC,16272,B2C,1000.0,Due on Receipt,2025-05-31
CUST-00427,,Dana,Farley,beardsarah@example.org,2119379844,231 Gregory Burgs,South Ryanmouth,IN,54558,B2C,1000.0,Due on Receipt,2023-10-30
CUST-00428,Ray Inc,Diane,Chung,jennifer73@example.com,9435370096,5195 Hoover Plains,West Donna,GA,49164,B2B,43297.69,Net 60,2025-01-01
CUST-00429,,Andrea,Thomas,richard96@example.com,454.727.8656x194,778 Pamela Junctions Apt. 958,Port Lauren,IL,18788,B2C,1000.0,Due on Receipt,2025-03-12
CUST-00430,,Laura,Summers,amiller@example.org,780.781.9048x23571,639 Brady Spurs Apt. 372,Lake Aaron,UT,66628,B2C,1000.0,Due on Receipt,2025-02-27
CUST-00431,,Daniel,Thomas,nealkristopher@example.com,338-613-0004x1321,65609 Cooper Landing Apt. 469,Reidshire,FL,05989,B2C,1000.0,Due on Receipt,2024-11-25
CUST-00432,Rowland-Porter,Michael,Scott,ycallahan@example.net,001-316-399-5706x071,176 Allen Mountains,West Kylemouth,TX,28885,B2B,38147.81,Net 60,2024-10-05
CUST-00433,,Robert,Smith,brittneyleonard@example.org,971.482.7496x80491,2049 Simmons Spur Apt. 137,Wrightfurt,WA,98088,B2C,1000.0,Due on Receipt,2025-03-04
CUST-00434,,Desiree,Thompson,lwilliams@example.org,997-737-1122x29907,85816 Johnson Mews Suite 111,Nataliestad,NH,62711,B2C,1000.0,Due on Receipt,2024-04-23
CUST-00435,"Calhoun, Knox and Hutchinson",David,Martin,elizabethgriffin@example.net,(584)471-2961x803,60508 Daniel Shores Suite 980,Nicoleberg,AK,42382,B2B,42214.54,Due on Receipt,2025-06-01
CUST-00436,,John,Castillo,jacobwells@example.com,412.368.8122,192 Courtney Loop Suite 346,Port Ryanmouth,AK,52225,B2C,1000.0,Due on Receipt,2023-07-08
CUST-00437,,James,Barber,peter93@example.net,(679)986-2398,9061 Janet Trail,Port Darlene,NY,48934,B2C,1000.0,Due on Receipt,2024-01-18
CUST-00438,Campbell-Santos,Valerie,Peterson,samantha78@example.com,(398)699-9275x1758,4983 Mcintosh Islands Apt. 935,Jamesmouth,ID,68353,B2B,19562.08,Net 30,2024-11-23
CUST-00439,,Robert,Baker,msantiago@example.net,(443)358-8537,339 White Rue Suite 536,Loveshire,WA,60673,B2C,1000.0,Due on Receipt,2024-08-07
CUST-00440,,Matthew,Scott,kingtammy@example.net,(501)634-7789x4896,7917 Hughes Crest,East David,WA,07644,B2C,1000.0,Due on Receipt,2023-07-18
CUST-00441,,Melanie,Ramirez,david16@example.org,8905015944,99948 Randall Drive,New Breannabury,FL,23024,B2C,1000.0,Due on Receipt,2025-03-03
CUST-00442,,Tammy,Reyes,bestchristopher@example.net,+1-447-511-3633x792,03469 Griffin Fort Apt. 167,Hernandezfurt,TX,81117,B2C,1000.0,Due on Receipt,2025-01-20
CUST-00443,,Omar,Weaver,jamie76@example.net,850-478-9679x35219,35564 Jennifer Fort Suite 970,Lake Heidi,NY,59777,B2C,1000.0,Due on Receipt,2024-12-21
CUST-00444,,Lauren,Price,michael07@example.com,001-476-516-4534x547,65031 Christopher Square,West Christianview,RI,59889,B2C,1000.0,Due on Receipt,2023-10-10
CUST-00445,,Kelly,Garrison,monica23@example.com,828-413-1909x2487,39111 Roth Fall,Port Stevenstad,OK,95293,B2C,1000.0,Due on Receipt,2023-11-02
CUST-00446,,Eric,Frederick,kristinnguyen@example.org,001-548-708-8062x207,3721 Fernando Rest Apt. 162,West Stevenfort,WA,89305,B2C,1000.0,Due on Receipt,2025-01-22
CUST-00447,,Randall,Weaver,doneal@example.net,359.796.4862x87203,96664 Johnson Oval Apt. 036,South Michelle,PA,98703,B2C,1000.0,Due on Receipt,2023-10-03
CUST-00448,,Deborah,Turner,douglaslester@example.com,476-377-5372x603,0576 Miller Hill Suite 887,Port Melanieland,SD,46701,B2C,1000.0,Due on Receipt,2024-02-29
CUST-00449,Collins PLC,Gabriel,Gay,juliehoffman@example.org,9837850765,5089 Nicole Trace Suite 680,East Sarahfurt,RI,43774,B2B,10283.71,Net 60,2024-11-11
CUST-00450,,Jennifer,Simon,douglas31@example.net,(846)430-0402x3693,943 Vickie Estates Apt. 471,South Rose,NC,22207,B2C,1000.0,Due on Receipt,2025-06-04
CUST-00451,,Emily,Wilson,vcain@example.net,001-657-549-8855x829,67458 Porter Stream,Williamsshire,GA,39867,B2C,1000.0,Due on Receipt,2025-02-28
CUST-00452,,Michelle,Rodriguez,angelarichard@example.org,872.718.8566,32971 Howe Centers Suite 662,Kennedytown,FL,44250,B2C,1000.0,Due on Receipt,2025-06-14
CUST-00453,Wilson-Young,Natasha,Vasquez,zchapman@example.com,843.392.5295,10286 Mosley Underpass,North Aaron,NV,23775,B2B,21813.12,Due on Receipt,2023-07-12
CUST-00454,,Dennis,Terrell,erika59@example.org,2245510910,7149 Gilbert Pine,Port Cheyenneberg,HI,09013,B2C,1000.0,Due on Receipt,2024-06-10
CUST-00455,"Phelps, Moore and Parsons",Zachary,Crawford,hannahjohnson@example.com,+1-527-975-8446x6345,201 Briana Crest,North Whitney,OK,17030,B2B,42152.16,Net 30,2023-10-10
CUST-00456,,Jennifer,Campbell,gwendolyn93@example.net,566.718.9437x0526,04627 Barrett Locks,Shannonmouth,NE,98186,B2C,1000.0,Due on Receipt,2024-12-17
CUST-00457,Barrett-Rubio,Karen,Parrish,adrianlogan@example.com,(817)252-0238x97432,559 Rogers Cove,Ingramhaven,CA,26939,B2B,28647.8,Due on Receipt,2023-11-27
CUST-00458,Cook Ltd,Michaela,Manning,alyssa89@example.net,+1-736-207-9848x704,176 Sloan Rest Apt. 593,Bakerton,WA,30578,B2B,46276.01,Net 30,2024-11-17
CUST-00459,,Rebecca,King,adam30@example.org,636.206.0148x860,388 Chan Walk Apt. 685,New Diana,MA,02363,B2C,1000.0,Due on Receipt,2024-11-30
CUST-00460,Miller-Lucas,Stacey,Smith,sarahsimon@example.org,+1-344-362-6325x1448,03142 Kathy Junction,New Katieside,PA,61488,B2B,30771.58,Net 30,2024-07-17
CUST-00461,,David,Contreras,kristen51@example.com,(463)484-0911,88375 Matthew Loaf Suite 186,East James,KY,84057,B2C,1000.0,Due on Receipt,2024-06-26
CUST-00462,,Kiara,Adkins,cherryjulie@example.net,001-778-276-5530x073,560 Atkins Corner Apt. 198,New Derekfort,PA,73060,B2C,1000.0,Due on Receipt,2024-08-18
CUST-00463,,Jessica,Peterson,hartmandanielle@example.org,786-840-1042x4624,517 Rodgers Lodge,North Tinamouth,MO,24719,B2C,1000.0,Due on Receipt,2024-12-20
CUST-00464,,Christopher,Taylor,coxcody@example.com,001-355-612-9391x304,60461 Adams Center Apt. 119,North Patriciaton,KS,62003,B2C,1000.0,Due on Receipt,2025-03-06
CUST-00465,,Michael,Weaver,erik83@example.org,622-591-0732x28360,306 Christina Loaf Apt. 845,South Terri,GA,54442,B2C,1000.0,Due on Receipt,2025-05-24
CUST-00466,,Beth,Adams,mannjonathan@example.net,401.269.3429x2913,01623 Chung Ports,Lake Jasonville,KS,91756,B2C,1000.0,Due on Receipt,2023-06-27
CUST-00467,,Robert,Peterson,uthomas@example.net,455-566-8473,3377 Kim Glen Apt. 672,Port Pamelaton,MN,98585,B2C,1000.0,Due on Receipt,2024-06-07
CUST-00468,,Alice,Harris,keithdonald@example.com,(660)578-1975,47642 Walker Dale Apt. 376,New William,GA,19466,B2C,1000.0,Due on Receipt,2023-09-10
CUST-00469,,Joseph,Wood,hannah48@example.com,001-460-919-1344x389,05869 Smith Fields,North Jessica,WA,94988,B2C,1000.0,Due on Receipt,2025-01-30
CUST-00470,King-Ballard,Brenda,Fuller,cody79@example.org,950.555.7385,011 Jesse Way Apt. 376,North Erinside,AL,58340,B2B,16450.57,Net 30,2024-12-26
CUST-00471,Walker and Sons,Jeffery,Davis,alexander96@example.org,597-231-5391x149,482 Sara Overpass Apt. 651,New Brandishire,MO,36895,B2B,8286.33,Net 60,2023-06-17
CUST-00472,,Ronald,Bailey,karen82@example.org,001-519-404-3223x023,0739 Anthony Stream Apt. 546,Lake Bryan,NC,21350,B2C,1000.0,Due on Receipt,2024-06-18
CUST-00473,,Nicholas,Jackson,patelgabrielle@example.com,512-431-2616,888 Mercado Estate Apt. 762,Ramirezview,GA,79967,B2C,1000.0,Due on Receipt,2023-11-30
CUST-00474,"Yates, Houston and Gonzalez",Kenneth,Barton,lho@example.org,001-420-538-1876x920,08981 Amber Corner,Alicialand,NC,34534,B2B,49376.18,Net 60,2024-01-05
CUST-00475,,Martin,Taylor,bradleyhenry@example.org,(331)782-9716,45000 Kimberly Spurs Apt. 015,Port Judy,AZ,83999,B2C,1000.0,Due on Receipt,2024-09-14
CUST-00476,,Christopher,Watts,gbenton@example.com,+1-350-690-2556,2182 Mitchell Pike Apt. 224,West Nicolaston,GA,66973,B2C,1000.0,Due on Receipt,2024-05-19
CUST-00477,Johnson-Greene,Aaron,Green,nicholasfields@example.org,(684)582-6691x362,0542 Blair Plaza Apt. 706,East Robert,UT,81006,B2B,34064.64,Net 60,2024-08-23
CUST-00478,,Steve,Kelly,bartonkimberly@example.net,(321)204-0164,428 Jimenez Gateway Apt. 638,South Josephberg,NC,88712,B2C,1000.0,Due on Receipt,2023-08-06
CUST-00479,,Donald,Ross,jessica89@example.net,+1-646-642-0362x5863,0646 Michael Terrace,Katherineton,NC,24957,B2C,1000.0,Due on Receipt,2024-04-25
CUST-00480,,Kristina,Griffith,matthew24@example.org,001-201-576-4644x898,3888 Maria Harbor,Jessicaberg,PA,61538,B2C,1000.0,Due on Receipt,2024-10-02
CUST-00481,"Brown, Watts and Johnson",Gloria,Brown,john33@example.com,384.395.1632,978 Griffith Turnpike,New Brandonborough,MD,32101,B2B,10984.54,Net 60,2024-09-19
CUST-00482,,Christopher,Shelton,zrobinson@example.net,830-260-1198x75617,30091 Osborne Creek,Port Carla,ME,02220,B2C,1000.0,Due on Receipt,2023-12-23
CUST-00483,,Haley,Cook,sbaker@example.net,460-293-6595,9118 Rodriguez Highway,East Randy,OH,63067,B2C,1000.0,Due on Receipt,2024-03-09
CUST-00484,Willis Group,James,Briggs,shellyobrien@example.net,(313)674-5561,428 Shepard Canyon,Crystalmouth,NC,31650,B2B,42566.97,Net 30,2024-07-03
CUST-00485,Patterson-Burch,Julia,Stone,wilsondavid@example.org,3302835669,71531 Katrina Glens Suite 506,South Ashley,GA,64121,B2B,35307.49,Due on Receipt,2024-10-15
CUST-00486,,Melanie,Coleman,christineriggs@example.com,901-434-8087x3543,33591 Curtis Land Suite 090,Victoriashire,NC,93240,B2C,1000.0,Due on Receipt,2023-08-06
CUST-00487,Mitchell-White,Alfred,Cowan,brandi26@example.net,001-399-669-9648x997,596 Dylan Port,West Andrewhaven,TX,41080,B2B,25728.14,Net 30,2024-09-01
CUST-00488,,Christine,Proctor,stephaniezamora@example.org,(834)226-6980,61760 Thompson Forge Suite 838,West Elizabeth,TX,79458,B2C,1000.0,Due on Receipt,2025-05-22
CUST-00489,Santos-Roach,Abigail,Sandoval,hufftina@example.org,(761)429-9650x826,418 Berry Key Suite 130,Stokesville,IL,88582,B2B,41426.52,Net 60,2025-03-23
CUST-00490,,Gina,Thomas,lindsayedwards@example.com,001-214-434-6823x948,00869 Solomon Loaf Apt. 016,North Christopher,FL,25841,B2C,1000.0,Due on Receipt,2025-03-10
CUST-00491,,Cheryl,Colon,williamscarl@example.net,9948149150,839 May Road,North Jessica,NC,29403,B2C,1000.0,Due on Receipt,2024-10-24
CUST-00492,,Joshua,Smith,malexander@example.com,(320)972-6629x2508,0299 Kayla Greens Apt. 688,Carlosborough,IL,26510,B2C,1000.0,Due on Receipt,2023-11-21
CUST-00493,,Shawn,Davis,stephanieedwards@example.net,(235)561-7817,119 Aaron Creek,Port Robert,OR,67779,B2C,1000.0,Due on Receipt,2024-11-18
CUST-00494,Anderson-Simpson,Ashley,Cooper,leeseth@example.net,+1-244-449-0295,8016 Mitchell Center Apt. 734,South Thomasville,OH,19083,B2B,16013.04,Net 30,2025-05-19
CUST-00495,,Steven,Gibbs,rosejones@example.org,+1-717-998-2134x8629,63831 Amy Island Suite 053,Moyertown,WA,65096,B2C,1000.0,Due on Receipt,2025-02-16
CUST-00496,,Jacqueline,Stephens,hpowell@example.com,406.373.6820x5068,35521 Shelton Shoals,Alexismouth,WA,71158,B2C,1000.0,Due on Receipt,2024-05-29
CUST-00497,Mcdaniel Group,Ashley,Oconnor,charlesduncan@example.com,001-567-890-8984,022 Melissa Union Apt. 938,Proctorview,GA,67001,B2B,11306.1,Net 60,2024-01-29
CUST-00498,,Deborah,Evans,meghan98@example.net,+1-411-545-7887x0715,6738 Anthony Ridges Suite 461,Lake Courtneymouth,UT,65368,B2C,1000.0,Due on Receipt,2024-10-03
CUST-00499,,Amanda,Cruz,melodyandrews@example.com,872.425.8937x08580,0405 James River,Ginashire,MS,05523,B2C,1000.0,Due on Receipt,2023-07-10
CUST-00500,,Emily,Jackson,kimberlycooper@example.com,642-486-7963x259,289 Clarke Village,Port Shelia,OR,72090,B2C,1000.0,Due on Receipt,2025-05-17
